smiles,logDC50
Cc1ncsc1-c1ccc(CNC(=O)[C@@H]2C[C@@H](O)CN2C(=O)[C@@H](NC(=O)CCCCCCNc2cccc3c2C(=O)N(C2CCC(=O)NC2=O)C3=O)C(C)(C)C)cc1,2.002597980719909
Cc1ncsc1-c1ccc([C@H](C)NC(=O)[C@@H]2C[C@@H](O)CN2C(=O)[C@@H](c2cc(N3CCN(C[C@H]4C[C@H](Oc5cc(N6C7CCC6CN(c6cc(-c8ccccc8O)nnc6N)C7)ccn5)C4)CC3)no2)C(C)C)cc1,-1.0457574905606752
O=C1CC[C@H](N2Cc3c(ccc4c3OCC43CCN(C[C@@H]4CCC5(CCN(c6ccc([C@@H]7c8ccc(O)cc8CC[C@@H]7c7ccccc7)cc6)CC5)OC4)CC3)C2=O)C(=O)N1,-1.3306831194338875
O=C1CCC(N2C(=O)c3cccc(NCCCCCCCCCCCNC(=O)c4ccc(SCc5cn(-c6cccc(C(=O)NO)c6)nn5)cc4)c3C2=O)C(=O)N1,2.846337112129805
Cc1ncsc1-c1ccc(CNC(=O)[C@@H]2C[C@@H](O)CN2C(=O)[C@@H](NC(=O)[C@H]2C[C@H](NC(=O)c3ccc(-c4cnc(NCc5ccco5)n5cnnc45)cc3)C2)C(C)(C)C)cc1,1.8260748027008264
O=C1CCC(N2C(=O)c3cc4c(cc3C2=O)CN(CC(=O)N2CCC3(CCN(c5ccc([C@@H]6c7ccc(O)cc7CC[C@@H]6c6ccccc6)cc5)CC3)C2)C4)C(=O)N1,0.6627578316815741
O=C1CCN(c2cc(C(=O)N3CCC(CC4CCN(c5ccc(-c6cnc7[nH]cc(-c8cnn(C(F)F)c8)c7n6)cn5)CC4)CC3)ccc2Cl)C(=O)N1,1.3783979009481375
NC(=O)c1c(-c2ccc(Oc3ccccc3)cc2)nn2c1NCC[C@H]2C1CCN(C(=O)CCCc2ccc(NC(=O)CNc3ccc4c(c3)C(=O)N(C3CCC(=O)NC3=O)C4=O)cc2)CC1,1.4471580313422192
CCn1nc(C)cc1C(=O)Nc1nc2cc(C(=O)NCCCCCCCCC(=O)N[C@H](C(=O)N3C[C@H](O)C[C@H]3C(=O)NCc3ccc(-c4scnc4C)cc3)C(C)(C)C)cc(OC)c2n1C/C=C/Cn1c(NC(=O)c2cc(C)nn2CC)nc2cc(C(N)=O)cc(OCCCN3CCOCC3)c21,2.3560258571931225
Cc1ncsc1-c1ccc([C@H](C)NC(=O)[C@@H]2C[C@@H](O)CN2C(=O)[C@@H](NC(=O)CCCCCCn2cc(-c3cc(-c4ccccc4O)nnc3N)cn2)C(C)(C)C)cc1,1.2041199826559248
CC(=O)c1c(C)c2cnc(Nc3ccc(N4CCN(CCOCCOCCOCC(=O)N[C@H](C(=O)N5C[C@H](O)C[C@H]5C(=O)N[C@@H](C)c5ccc(-c6scnc6C)cc5)C(C)(C)C)CC4)cn3)nc2n(C2CCCC2)c1=O,1.505149978319906
Cc1ncsc1-c1ccc([C@H](C)NC(=O)[C@@H]2C[C@@H](O)CN2C(=O)[C@@H](c2cc(OC3CCC(N4CCC(c5ccc6c(c5)C(C)(C)c5nc(=O)c7c(Cl)cccc7n5-6)CC4)CC3)no2)C(C)C)cc1,-0.7958800173440752
NC(=O)c1c(-c2ccc(Oc3ccccc3)cc2)nn2c1Nc1ccc(NC(=O)COCCOCCOCCOCCNc3cccc4c3C(=O)N(C3CCC(=O)NC3=O)C4=O)cc1CC2,0.2671717284030138
Cc1nc(Nc2ncc(C(=O)Nc3c(C)cccc3Cl)s2)cc(N2CCN(C(=O)CCCN3CC4CC3CN4c3ccc(C4CCC(=O)NC4=O)cc3)CC2)n1,1.0530784434834195
Cc1ncsc1-c1ccc([C@H](C)NC(=O)[C@@H]2C[C@@H](O)CN2C(=O)[C@@H](NC(=O)c2ccnc(N3CCN(c4cnnc(-c5ccccc5O)c4)CC3)c2)C(C)(C)C)cc1,2.671172842715084
CN(CCOCCC(=O)Nc1ccc2c(c1)C(=O)N(C1CCC(=O)NC1=O)C2=O)CC[C@@H](c1ccccc1)n1cc(NC(=O)c2n[nH]c3c2CCC(C)(C)C3)cn1,1.1931245983544616
CCS(=O)(=O)n1cc(-c2nc(Nc3ccc(N4CCN(CCC(=O)Nc5cccc6c5CN(C5CCC(=O)NC5=O)C6=O)CC4)cc3)ncc2C(F)(F)F)c2ccccc21,1.416640507338281
COc1ccc2ccccc2c1C(=O)NCc1ccc(-c2nn3c(c2C(N)=O)Nc2ccc(N4CCN(CC5CCN(c6ccc(N7CCC(=O)NC7=O)cc6)CC5)CC4)cc2CC3)cc1,-0.1203307943679464
Cc1c(Cl)cc(NC(=O)CCc2ccc3c(c2)C(=O)N(C2CCC(=O)NC2=O)C3)cc1CN1CCN(C2CCOCC2)CC1,2.399673721481038
CC(=O)c1c(C)c2cnc(Nc3ccc(N4CCN(Cc5cn(CCCCCC#Cc6cccc7c6C(=O)N(C6CCC(=O)NC6=O)C7=O)nn5)CC4)cn3)nc2n(C2CCCC2)c1=O,1.938519725176492
CCc1cc2c(cc1C(F)F)N(c1nn(C3CCN(C(=O)CN4Cc5cc6c(cc5C4)C(=O)N(C4CCC(=O)NC4=O)C6=O)CC3)c3c1CN(C(C)=O)CC3)CCC2,1.9493900066449128
O=C1CCC(N2C(=O)c3cccc(OCCCCCCCCn4cc(CCCCCCN5CCC(NC(=O)c6[nH]ncc6NC(=O)c6c(Cl)cccc6Cl)CC5)nn4)c3C2=O)C(=O)N1,1.845098040014257
COc1cc(N2CCC(N3CCN(CC4CN(c5ccc6c(c5)C(=O)N([C@H]5CCC(=O)NC5=O)C6=O)C4)CC3)CC2)ccc1Nc1ncc(Cl)c(Nc2ccccc2P(C)(C)=O)n1,0.7075701760979364
Cc1ccc(-n2nc3c(=O)n(CCCC(=O)NCCCCCNc4cccc5c4C(=O)N(C4CCC(=O)NC4=O)C5=O)nc(C)c3c2C)cc1,4.342422680822207
O=C1CCC(N2C(=O)c3cccc(NCCOCCOCc4cn(CCCC(=O)N5CCN(CC#Cc6ccc(OCCCc7sc(N8CCc9cccc(C(=O)Nc%10nc%11ccccc%11s%10)c9C8)nc7C(=O)O)c(F)c6)CC5)nn4)c3C2=O)C(=O)N1,1.6989700043360187
Cc1ncsc1-c1ccc(CNC(=O)[C@@H]2C[C@@H](O)CN2C(=O)[C@@H](NC(=O)CCCCCCCCSSCCCCCCCCC(=O)N[C@H](C(=O)N2C[C@H](O)C[C@H]2C(=O)NCc2ccc(-c3scnc3C)cc2)C(C)(C)C)C(C)(C)C)cc1,1.041392685158225
Cc1ncsc1-c1ccc(CNC(=O)[C@@H]2C[C@@H](O)CN2C(=O)[C@@H](NC(=O)COCCOCCOCCNC(=O)C[C@@H]2N=C(c3ccc(Cl)cc3)c3c(sc(C)c3C)-n3c(C)nnc32)C(C)(C)C)c(OC2CCNCC2)c1,2.544068044350276
CN(c1ccc(C#N)c(Cl)c1)[C@H]1CC[C@H](NC(=O)c2ccc(N3CCN(CC4CN(c5ccc6c(c5)C(=O)N(C5CCC(=O)NC5=O)C6=O)C4)CC3)cc2)CC1,-2.0
O=C1CCC(N2C(=O)c3cccc(OCCCCn4cc(CCCCCCN5CCC(NC(=O)c6[nH]ncc6NC(=O)c6c(Cl)cccc6Cl)CC5)nn4)c3C2=O)C(=O)N1,2.0
Nc1ncc(-c2ccc(S(=O)(=O)N3CCN(CCCCc4cn(CCOCCOCCOCCOCCOCCOCCNc5cccc6c5C(=O)N(C5CCC(=O)NC5=O)C6=O)nn4)CC3)cc2)nc1C(=O)Nc1cccnc1,1.606381365110605
Cc1ncsc1-c1ccc([C@H](C)NC(=O)[C@@H]2C[C@@H](O)CN2C(=O)[C@@H](NC(=O)c2cccc(N3CCN(c4nc(-c5ccccc5O)nnc4N)CC3)n2)C(C)(C)C)cc1,2.5705429398818973
NC(=O)c1c(-c2ccc(Oc3ccccc3)cc2)nn2c1Nc1ccc(NC3CCN(CC4CCN(c5cc6c(cc5F)C(=O)N(C5CCC(=O)NC5=O)C6=O)CC4)CC3)cc1CC2,0.1613680022349748
Cc1ncsc1-c1ccc([C@H](C)NC(=O)[C@@H]2C[C@@H](O)CN2C(=O)[C@@H](NC(=O)CCCOc2ccc(-c3csc(N4CCOCC4)n3)cc2)C(C)(C)C)cc1,2.544068044350276
Cc1ncsc1-c1ccc([C@H](C)NC(=O)[C@@H]2C[C@@H](O)CN2C(=O)[C@@H](NC(=O)CCCC(=O)N2CCN(CC3(C)CCC(c4ccc(Cl)cc4)=C(CN4CCN(c5ccc(C(=O)NS(=O)(=O)c6ccc(N[C@H](CCN7CCOCC7)CSc7ccccc7)c(S(=O)(=O)C(F)(F)F)c6)cc5)CC4)C3)CC2)C(C)(C)C)cc1,2.49996186559619
Cc1cccc(NC(=O)c2ccc(-c3nn4c(c3C(N)=O)Nc3ccc(N5CCN(C6CC(c7ccc(N[C@@H]8CCC(=O)NC8=O)cc7)C6)CC5)cc3CC4)c(F)c2C)n1,0.8721562727482928
COc1cc(N2CCC(NC(=O)CCCCCCCCC(=O)N[C@H](C(=O)N3C[C@H](O)C[C@H]3C(=O)NCc3ccc(-c4scnc4C)cc3)C(C)(C)C)CC2)ccc1Nc1ncc(Cl)c(Nc2ccccc2P(C)(C)=O)n1,0.8573324964312685
CC(C)(C)[C@H](NC(=O)c1cc2cc(C(F)(F)P(=O)(O)O)ccc2s1)C(=O)N1CCC[C@H]1C(=O)N(CCC(=O)NCCCCC#Cc1cccc2c1CN(C1CCC(=O)NC1=O)C2=O)c1ccc(Br)cc1,2.6989700043360187
Cc1nc(Nc2ncc(C(=O)Nc3c(C)cccc3Cl)s2)cc(N2CCN(C(=O)CCCC(=O)N[C@H](C(=O)N3C[C@H](O)C[C@H]3C(=O)NCc3ccc(-c4scnc4C)cc3)C(C)(C)C)CC2)n1,1.60422605308447
CNCCN1CCC(c2cc(CN(C)C(=O)c3cccc(Oc4ccc(OCC(=O)N5CCC(CN6CCC(CN7CCN(CC(=O)N[C@H](C(=O)N8C[C@H](O)C[C@H]8C(=O)N[C@@H](C)c8ccc(-c9scnc9C)cc8)C(C)(C)C)CC7)CC6)CC5)cc4)c3)ccn2)CC1,0.9084850188786496
CC(=O)N1CCc2c(c(-c3cccc4cc(-c5ccc(C(=O)NCCCNc6cccc7c6C(=O)N(C6CCC(=O)NC6=O)C7=O)nc5)ncc34)nn2C2CCOCC2)C1,0.0791812460476248
Nc1cc(F)ccc1NC(=O)c1ccc(NC(=O)CCCCNC(=O)CNc2cccc3c2C(=O)N(C2CCC(=O)NC2=O)C3=O)cc1,2.505149978319906
CN[C@@H](C)C(=O)N[C@H](C(=O)N1C[C@@H](NC(=O)c2cnc(N3CCN(CCCOc4cc5ncnc(Nc6n[nH]c(C)c6C)c5cc4S(=O)(=O)C(C)(C)C)CC3)cn2)C[C@H]1C(=O)N[C@@H]1CCCc2ccccc21)C(C)(C)C,-0.7958800173440752
COc1cc(C(=O)NCCOCCOCCOCCNC(=O)C[C@@H]2N=C(c3ccc(Cl)cc3)c3c(sc(C)c3C)-n3c(C)nnc32)ccc1NC(=O)[C@@H]1N[C@@H](CC(C)(C)C)[C@](C#N)(c2ccc(Cl)cc2F)[C@H]1c1cccc(Cl)c1F,1.505149978319906
CN[C@@H](C)C(=O)N[C@H](C(=O)N1Cc2cc(OCc3cnc(COC(=O)N4CCC[C@@H](n5nc(-c6ccc(Oc7ccc(F)cc7F)cc6)c(C(N)=O)c5N)C4)cn3)ccc2C[C@H]1C(=O)N[C@@H]1CCCc2ccccc21)C(C)(C)C,2.903089986991944
CC(=O)N1CCc2c(c(N3CCCc4cc(-c5ccc(F)cc5)c(C(F)F)cc43)nn2C2CCN(C(=O)CN3Cc4cc5c(cc4C3)C(=O)N(C3CCC(=O)NC3=O)C5=O)CC2)C1,1.5563025007672873
NC(=O)CC[C@H](NC(=O)[C@@H]1CC[C@@H]2CCN(C(=O)CCCCCCCCC#Cc3cccc4c3CN(C3CCC(=O)NC3=O)C4=O)C[C@H](NC(=O)c3cc4cc(C(F)(F)P(=O)(O)O)ccc4[nH]3)C(=O)N21)C(=O)NC(c1ccccc1)c1ccccc1,2.1760912590556813
COc1cc(N2CCN(CC3CCN(c4ccc(C5CCN(c6ccc(C#N)c(C(F)(F)F)c6)CC5)cc4)CC3)CC2)cc2c1C(=O)N(C1CCC(=O)NC1=O)C2,1.414973347970818
O=C1CCC(N2C(=O)c3cc4c(cc3C2=O)CN(CC2CCN(CC3CCN(c5ccc([C@@H]6c7ccc(O)cc7CC[C@@H]6c6ccccc6)cc5)CC3)CC2)C4)C(=O)N1,0.6334684555795865
Cc1nc(Nc2ncc(C(=O)Nc3c(C)cccc3Cl)s2)cc(N2CCN(C(=O)CCOCCOCCOCCNc3cccc4c3C(=O)N(C3CCC(=O)NC3=O)C4=O)CC2)n1,1.2648178230095364
Cc1ncsc1-c1ccc([C@H](C)NC(=O)[C@@H]2C[C@@H](O)CN2C(=O)[C@@H](NC(=O)CCCCNC(=O)c2ccc(C(=O)N3CCC(CCCCNC(=O)/C=C/c4cccnc4)CC3)cc2)C(C)(C)C)cc1,2.277609214304091
COc1cccc(C)c1C(=O)NCc1ccc(-c2nn3c(c2C(N)=O)Nc2ccc(N4CCN(CC5CCN(c6ccc(N7CCC(=O)NC7=O)cc6)CC5)CC4)cc2CC3)cc1C,0.9304395947667
CCOc1cc(-c2ccc(N3CCC(CN4CCN(C(=O)CCCCCCN5CCC(c6ccc7c(c6)CN(C6CCC(=O)NC6=O)C7=O)CC5)CC4)(NC(=O)c4cc(F)ccc4F)CC3)nc2)c2c(C#N)cnn2c1,0.5563025007672873
O=C1CCC(N2C(=O)c3cccc(N4CCN(C(=O)CCCCCCCCc5cn(Cc6ccc(S(=O)(=O)F)cc6)nn5)CC4)c3C2=O)C(=O)N1,2.113943352306837
NC(=O)CC[C@H](NC(=O)[C@@H]1CC[C@@H]2CCN(C(=O)CCCCCC#Cc3ccc4c(c3)CN(C3CCC(=O)NC3=O)C4=O)C[C@H](NC(=O)c3cc4cc(C(F)(F)P(=O)(O)O)ccc4[nH]3)C(=O)N21)C(=O)NC(c1ccccc1)c1ccccc1,2.6127838567197355
CCS(=O)(=O)N1CC(CC#N)(n2cc(-c3nc(Nc4ccc(C(=O)NC5CCN(c6ccc(C7CCC(=O)NC7=O)cc6)CC5)cc4)nc4[nH]ccc34)cn2)C1,1.414973347970818
NC(=O)CC[C@H](NC(=O)[C@@H]1CC[C@@H]2CCN(C(=O)CCCC#Cc3cccc4c3CN(C3CCC(=O)NC3=O)C4=O)C[C@H](NC(=O)c3cc4cc(C(F)(F)P(=O)(O)O)ccc4[nH]3)C(=O)N21)C(=O)NC(c1ccccc1)c1ccccc1,3.419955748489758
Cc1ccc(NC(=O)Cn2cc(-c3ccc4c(NC(=O)c5ccc(NC(=O)CCCCCC(=O)N[C@H](C(=O)N6C[C@H](O)C[C@H]6C(=O)NCc6ccc(-c7scnc7C)cc6)C(C)(C)C)cc5)n[nH]c4c3)cn2)cc1C(F)(F)F,3.52244423350632
Cc1ncsc1-c1ccc(CNC(=O)[C@@H]2C[C@@H](O)CN2C(=O)[C@@H](NC(=O)CCOCCOCCOc2ccc(Nc3ncc(C(F)(F)F)c(NCc4cccc(N(C)S(C)(=O)=O)c4)n3)cc2)C(C)(C)C)cc1,1.3180633349627615
Cn1c(=O)n(C2CCC(=O)NC2=O)c2cccc(CCCOCCCOCCOCCn3cc(NC(=O)c4cnn5ccc(N6C[C@H](N)CC(F)(F)C6)nc45)c(C(F)F)n3)c21,1.8573324964312683
CCN1CCC(n2cc(-c3c[nH]c4ncc(-c5ccc(N6CCC(OC7CCN(C(=O)c8ccc(Cl)c(N9CCC(=O)NC9=O)c8)CC7)CC6)c(F)c5)nc34)cn2)CC1,0.8573324964312685
CCOC(=O)c1[nH]c2cc(Cl)ccc2c1C(C(=O)NC(C)(C)C)N(Cc1cc(F)c(F)c(F)c1)C(=O)CCCCC#Cc1cccc2c1CN(C1CCC(=O)NC1=O)C2=O,0.6127838567197355
CCc1cccc2cc(O)cc(-c3ncc4c(N5C[C@H]6CC[C@@H](C5)N6)nc(OC[C@@H]5CCCN5CCCCCCCC(=O)N[C@H](C(=O)N5C[C@H](O)C[C@H]5C(=O)N[C@@H](C)c5ccc(-c6scnc6C)cc5)C(C)(C)C)nc4c3F)c12,2.3546845539547285
Cc1ncsc1-c1ccc(CNC(=O)[C@@H]2C[C@@H](O)CN2C(=O)[C@@H](NC(=O)COCCCCCCCCCOCC(=O)Nc2ccc(C(=O)Nc3ccccc3N)cc2)C(C)(C)C)cc1,2.724275869600789
CCN1CCC(n2cc(-c3c[nH]c4ncc(-c5ccc(N6CCC(CC7CCN(C(=O)c8ccc(Cl)c(N9CCC(=O)NC9=O)c8)CC7)CC6)c(F)c5)nc34)cn2)CC1,2.245018870737753
O=C1CC[C@H](N2Cc3c(ccc4c3OC[C@H]3CN(C(=O)COc5ccc([C@@H]6c7ccc(O)cc7CC[C@@H]6c6ccccc6)cc5)CCN43)C2=O)C(=O)N1,-0.5228787452803376
Cc1ncsc1-c1ccc(CNC(=O)[C@@H]2C[C@@H](O)CN2C(=O)[C@@H](NC(=O)CCCCCCN2CCN(c3ccc(Nc4cc5c(N6CCC(CO)CC6)nc(Nc6ccc(F)cc6)nc5cn4)nc3)CC2)C(C)(C)C)cc1,1.541579243946581
CN(C[C@H]1CC[C@H](n2cc3cc(NC(=O)c4cccc(C(F)(F)F)n4)c(C(C)(C)O)cc3n2)CC1)[C@H]1CCC2(CC1)C[C@H](Nc1cccc3c1C(=O)N(C1CCC(=O)NC1=O)C3=O)C2,0.7781512503836436
Cc1cc(Nc2ncc(Cl)c(Nc3ccccc3S(=O)(=O)C(C)C)n2)c(OC(C)C)cc1C1CCN(C(=O)CCCCCCC(=O)N(CCS)CC(=O)NCCNc2cccc3c2C(=O)N(C2CCC(=O)NC2=O)C3=O)CC1,3.45178643552429
O=C1CC[C@H](N2Cc3cc(N4CCN(CC5CCN(c6ccc([C@@H]7c8ccc(O)cc8CC[C@@H]7c7ccccc7)cc6)CC5)CC4)ccc3C2=O)C(=O)N1,0.3010299956639812
O=C1CC[C@H](N2Cc3c(ccc4c3OCC43CCN(CCC4CCN(c5ccc([C@@H]6c7ccc(O)cc7CC[C@@H]6c6ccccc6)cc5)CC4)CC3)C2=O)C(=O)N1,-2.363311552046717
Cc1cc(Cn2c(N3CC4(CNC4)C3)nc3c(N4CCN(CCCCCCCCCC(=O)N[C@H](C(=O)N5C[C@H](O)C[C@H]5C(=O)N[C@@H](C)c5ccc(-c6scnc6C)cc5)C(C)(C)C)CC4)cc(Cl)cc32)cc(C)c1F,2.26030994579492
CCc1cccc2cc(O)cc(-c3ncc4c(N5C[C@H]6CC[C@@H](C5)N6)nc(OC[C@@H]5CCCN5CCCCOCCC(=O)N[C@H](C(=O)N5C[C@H](O)C[C@H]5C(=O)N[C@@H](C)c5ccc(-c6scnc6C)cc5)C(C)(C)C)nc4c3F)c12,3.1172712956557644
CCCS(=O)(=O)Nc1ccc(F)c(-n2cc(-c3cncnc3)c3nc(N(C)C4CCN(C(=O)CCOCCOCCn5cc(COCCNc6cccc7c6C(=O)N(C6CCC(=O)NC6=O)C7=O)nn5)CC4)ccc32)c1F,1.9030899869919435
Cc1sc2c(c1C)C(c1ccc(Cl)cc1)=N[C@@H](CC(=O)NCCOCCOCCNC(=O)C(c1ccc(CNc3cccc4c3CN(C3CCC(=O)NC3=O)C4=O)cc1)N1CCOCC1)c1nnc(C)n1-2,2.2095150145426308
NC(=O)c1cccc2cn(-c3ccc([C@@H]4CCCN(CCC5CCN(CCC6CCN(CC7CCN(c8ccc9c(c8)C(=O)N(C8CCC(=O)NC8=O)C9=O)CC7)CC6)CC5)C4)cc3)nc12,4.281033367247727
Cc1ncsc1-c1ccc(CNC(=O)[C@@H]2C[C@@H](O)CN2C(=O)[C@@H](NC(=O)CCCCCCCn2cc(COc3cc4ncnc(Nc5ccc(F)c(Cl)c5)c4cc3NC(=O)/C=C/CN3CCCCC3)nn2)C(C)(C)C)cc1,0.9003671286564703
CCS(=O)(=O)N1CC(CC#N)(n2cc(-c3nc(Nc4ccc(C(=O)NCCCCNc5cccc(C6CCC(=O)NC6=O)c5)cc4)nc4[nH]ccc34)cn2)C1,1.146128035678238
Cc1nc2c(F)cc(-c3nc(Nc4ccc(CN5CCN(Cc6cn(CCOCCOCCNc7cccc8c7C(=O)N(C7CCC(=O)NC7=O)C8=O)nn6)CC5)cn4)ncc3F)cc2n1C(C)C,2.11293997608408
Cc1nc(Nc2ncc(C(=O)Nc3c(C)cccc3Cl)s2)cc(N2CCN(C(=O)CCC(=O)N[C@H](C(=O)N3C[C@H](O)C[C@H]3C(=O)NCc3ccc(-c4scnc4C)cc3)C(C)(C)C)CC2)n1,2.78632543439007
COc1cc(OC)cc(N(CCNC(C)C)c2ccc3ncc(-c4cnn(CC(=O)NCCNc5cccc6c5C(=O)N(C5CCC(=O)NC5=O)C6=O)c4)nc3c2)c1,0.2671717284030138
CC/C(=C(/c1ccc(O)cc1)c1ccc(OCCN(C)C(=O)CCc2cn(CCCC(=O)N[C@H](C(=O)N3C[C@H](O)C[C@H]3C(=O)N[C@@H](C)c3ccc(-c4scnc4C)cc3)C(C)(C)C)nn2)cc1)c1ccccc1,0.6532125137753437
CC1(C)CC[C@]2(C(=O)NCCCCCNc3cccc4c3C(=O)N(C3CCC(=O)NC3=O)C4=O)CC[C@]3(C)C(C(=O)C=C4[C@@]5(C)C=C(C#N)C(=O)C(C)(C)C5CC[C@]43C)C2C1,2.322219294733919
CC(=O)N1CCc2c(c(N3CCCc4cc(-c5cnn(C)c5)c(C(F)F)cc43)nn2[C@H]2CC[C@H](CN3CCN(c4ccc5c(c4)CN(C4CCC(=O)NC4=O)C5=O)CC3)CC2)C1,-1.0
Cc1noc(C)c1-c1ccc2c(c1)nc([C@@H]1CCCC(=O)N1c1ccc(F)c(F)c1)n2[C@H]1CC[C@H](OCC(=O)NC2CN(c3ccc4c(c3)C(=O)N(C3CCC(=O)NC3=O)C4=O)C2)CC1,1.2430380486862944
Cc1c(C(=O)Nc2cn(C)cn2)ccc(-c2nn3c(c2C(N)=O)Nc2ccc(N4CCN(CCc5cc(F)c([C@H]6CCC(=O)NC6=O)c(F)c5)CC4)cc2CC3)c1F,-0.3829996588791011
CCN1CCC(n2cc(-c3c[nH]c4ncc(-c5cnc(OCCNC(=O)c6ccc(Cl)c(N7CCC(=O)NC7=O)c6)c(C)c5)nc34)cn2)CC1,1.740362689494244
CCn1nc(C)cc1C(=O)Nc1nc2cc(C(=O)NCCOCCOCCOCCOCCOCCOCCC(=O)N[C@H](C(=O)N3C[C@H](O)C[C@H]3C(=O)NCc3ccc(-c4scnc4C)cc3)C(C)(C)C)cc(OC)c2n1C/C=C/Cn1c(NC(=O)c2cc(C)nn2CC)nc2cc(C(N)=O)cc(OCCCN3CCOCC3)c21,3.663700925389648
C=CC(=O)Nc1cccc(-n2c(=O)cc(C)c3cnc(Nc4ccc(N5CCN(CCCCCCCC(=O)N[C@H](C(=O)N6C[C@H](O)C[C@H]6C(=O)NCc6ccc(-c7scnc7C)cc6)C(C)(C)C)CC5)cc4OC)nc32)c1,2.66838591669
Cc1cccc(NC(=O)c2ccc(-c3nn4c(c3C(N)=O)Nc3ccc(N5CCN(CC6CCN(c7cccc(CN8CCC(=O)NC8=O)c7)CC6)CC5)cc3CC4)c(F)c2C)n1,0.4082399653118496
O=C(/C=C/c1cccnc1)NCCCCC1CCN(C(=O)c2ccc(N3CCC(N4CCN(CCCCCC#Cc5cccc6c5CN(C5CCC(=O)NC5=O)C6=O)CC4)CC3)cc2)CC1,0.2455126678141498
CCOc1cc(-c2ccc(N3CCC(CN4CCN(C(=O)CCN5CCN(c6ccc7c(c6)C(=O)N(C6CCC(=O)NC6=O)C7)CC5)CC4)(NC(=O)c4cc(F)ccc4F)CC3)nc2)c2c(C#N)cnn2c1,0.041392685158225
CC(C)(C)OC(=O)N1CCc2nc(NC(=O)c3ccc(C(=O)NCCCOCCCCOCCCNc4cccc5c4C(=O)N(C4CCC(=O)NC4=O)C5=O)cc3)sc2C1,3.681241237375587
CC(C)S(=O)(=O)c1ccccc1Nc1nc(Nc2ccc(N3CCN(C(=O)CCCC(=O)Nc4cccc5c4C(=O)N(C4CCC(=O)NC4=O)C5=O)CC3)cc2)nc2[nH]cnc12,2.597695185925512
CC1(C)C[C@@H](Nc2cccc(-c3sc(C(=O)O)c(OCC(=O)O)c3Cl)c2)CCN1S(=O)(=O)Cc1cccc(NC(=O)CN2CCC(c3ccc4c(c3)oc(=O)n4C3CCC(=O)NC3=O)CC2)c1,1.919078092376074
CN1CCN([C@@H]2CCCN(c3cnc(C(N)=O)c(Nc4ccc(C5CCN(C[C@H]6CC[C@@H](Nc7cccc8c7C(=O)N([C@@H]7CCC(=O)NC7=O)C8=O)CC6)CC5)cc4)n3)C2)C1=O,0.8450980400142568
O=C(CCCCCCCCCCC(=O)N1CCN(C(=O)c2cc(Cc3n[nH]c(=O)c4ccccc34)ccc2F)CC1)NCCNc1cccc2c1C(=O)N(C1CCC(=O)NC1=O)C2=O,0.4608978427565479
COc1cc2nn([C@H]3CC[C@H](CN4CCC5(CC4)CC(CNc4cccc6c4C(=O)N(C4CCC(=O)NC4=O)C6=O)C5)CC3)cc2cc1NC(=O)c1cccc(C(F)(F)F)n1,1.2041199826559248
Cc1sc2c(c1C)C(c1ccc(Cl)cc1)=N[C@@H](CC(=O)NCCCCCOc1cc([C@@H](C(=O)N3C[C@H](O)C[C@H]3C(=O)N[C@@H](C)c3ccc(Cl)cc3)C(C)C)on1)c1nnc(C)n1-2,2.278753600952829
O=C1CCC(N2C(=O)c3cccc(NCCOCCOCCOCCNC(=O)N[C@H]4CC[C@@H](Nc5ncnc6[nH]cc(C(=O)c7ccc(Oc8ccccc8)cc7Cl)c56)CC4)c3C2=O)C(=O)N1,1.5092025223311027
COc1cc(C)ccc1C(=O)NCc1ccc(-c2nn3c(c2C(N)=O)Nc2ccc(N4CCN(CC5CCN(c6ccc(N7CCC(=O)NC7=O)cc6)CC5)CC4)cc2CC3)cc1C,0.4913616938342727
O=C1CC[C@H](N2Cc3c(ccc4c3OCC43CCN(C(=O)CCCC4CCN(c5ccc([C@@H]6c7ccc(O)cc7CC[C@@H]6c6ccccc6)cc5)CC4)CC3)C2=O)C(=O)N1,-1.100781582148627
Cc1c(C(=O)Nc2cscn2)ccc(-c2nn3c(c2C(N)=O)Nc2ccc(N4CCN(CCc5cc(F)c([C@H]6CCC(=O)NC6=O)c(F)c5)CC4)cc2CC3)c1F,0.2304489213782739
O=C1CCC(N2C(=O)c3cccc(NC(=O)COCCOCC(=O)N4CCN(c5ccc(Nc6nc(NC7CCCCC7)c7nc[nH]c7n6)cc5)CC4)c3C2=O)C(=O)N1,1.8195439355418688
COc1cc(N2CCN(C3CCN(CC4CCN(c5ccc6c(c5)C(=O)N([C@H]5CCC(=O)NC5=O)C6=O)CC4)CC3)CC2)ccc1Nc1ncc(Cl)c(Nc2ccccc2P(C)(C)=O)n1,1.5314789170422551
O=C1CCC(N2C(=O)c3cccc(NCCOCCOCCOCCOCCOCCOCCOCCNCCNc4nonc4/C(=N\O)Nc4ccc(F)c(Br)c4)c3C2=O)C(=O)N1,3.453318340047037
Cc1ncsc1-c1ccc(CNC(=O)[C@@H]2C[C@@H](O)CN2C(=O)[C@@H](NC(=O)COCCCCCOCCOC(=O)C[C@@H]2N=C(c3ccc(Cl)cc3)c3c(sc(C)c3C)-n3c(C)nnc32)C(C)(C)C)cc1,1.899820502427096
Cc1ncsc1-c1ccc(CNC(=O)[C@@H]2C[C@@H](O)CN2C(=O)[C@@H](NC(=O)COCCn2cc(CCCS(=O)(=O)c3ccc(Nc4nccc(-c5cnc(C)n5C(C)C)n4)cc3)nn2)C(C)(C)C)cc1,2.0
CCC[C@H](CC)Oc1ccc(C(=O)OC)cc1NC(=O)c1nnn(-c2cc(OC)c(OCCCCCCOCCOCC(=O)N[C@H](C(=O)N3C[C@H](O)C[C@H]3C(=O)NCc3ccc(-c4scnc4C)cc3)C(C)(C)C)cc2OC)c1C,1.929929560084588
CC(=O)N1CCc2c(c(-c3cccc4cc(-c5ccc(C(=O)NCCCNc6ccc7c(c6)CN(C6CCC(=O)NC6=O)C7=O)nc5)ncc34)nn2C2CCOCC2)C1,-0.5228787452803376
CC(=O)N1CCc2c(c(N3CCCc4cc(-c5ccn(C)n5)c(C(F)F)cc43)nn2C2CCC(CCN3Cc4cc5c(cc4C3)C(=O)N(C3CCC(=O)NC3=O)C5=O)CC2)C1,0.8512583487190752
Cc1nc(Nc2ncc(C(=O)Nc3c(C)cccc3Cl)s2)cc(N2CCN(C(=O)CCOCCNc3cccc4c3C(=O)N(C3CCC(=O)NC3=O)C4=O)CC2)n1,0.9395192526186184
N#Cc1ccc(N2CCC(c3ccc(N4CCC(CN5CCN(c6ccc7c(c6)C(=O)N(C6CCC(=O)NC6=O)C7=O)CC5)CC4)cc3)CC2)c(F)c1C(F)(F)F,2.230448921378274
Cc1cccc(CN2C(=O)c3cc(-c4nc(Nc5ccnc(CCNC(=O)CCCCCCCCC(=O)N[C@H](C(=O)N6C[C@H](O)C[C@H]6C(=O)N[C@@H](C)c6ccc(-c7scnc7C)cc6)C(C)(C)C)c5)ncc4C)cn3C[C@H]2C)n1,2.844166410450201
NC(=O)c1c(-c2ccc(C(=O)Nc3cc(C(F)(F)F)ccn3)cc2)nn2c1Nc1ccc(N3CCN(CC4CCN(c5ccc(N6CCC(=O)NC6=O)cc5)CC4)CC3)cc1CC2,-0.2510371387438385
COc1cc(N2CCC(NC(=O)CCCCCCCC(=O)N[C@H](C(=O)N3C[C@H](O)C[C@H]3C(=O)NCc3ccc(-c4scnc4C)cc3)C(C)(C)C)CC2)ccc1Nc1ncc(Cl)c(Nc2ccccc2P(C)(C)=O)n1,1.320146286111054
C[C@H](CC(=O)N1CCC(O)(Cn2cnc3cc(NC(=O)CCC4CCN(C(=O)C5CCN(c6ccc7c(c6)C(=O)N(C6CCC(=O)NC6=O)C7=O)CC5)CC4)ccc3c2=O)CC1)c1ccccc1,1.230448921378274
CC(=O)N1c2ccc(-c3ccc(C(=O)NCCOCCOCCOCC(=O)N[C@H](C(=O)N4C[C@H](O)C[C@H]4C(=O)NCc4ccc(-c5scnc5C)cc4)C(C)(C)C)cc3)cc2[C@H](Nc2ccc(Cl)cc2)C[C@@H]1C,1.6989700043360187
O=C(CN1CCC(SCc2nc3cc(NC4CCCC4)cc(F)c3c(=O)[nH]2)CC1)NCCCCCCNc1cccc2c1C(=O)N(C1CCC(=O)NC1=O)C2=O,0.6989700043360189
Cc1cccc(NC(=O)c2ccc(-c3nn4c(c3C(N)=O)Nc3ccc(N5CCN(CC6CCN(c7ccc(N8CCC(=O)NC8=O)cc7)CC6)CC5)cc3CC4)c(F)c2C)n1,-0.0324520237811379
Cc1cccc(NC(=O)c2ncc(-c3nn4c(c3C(N)=O)Nc3ccc(N5CCN(C6CC(c7ccc([C@@H]8CCC(=O)NC8=O)cc7)C6)CC5)cc3CC4)cc2C)n1,1.246498580795801
O=C1CC[C@H](N2Cc3c(ccc4c3OC[C@H]3CN(C(=O)CCCCCOc5ccc([C@@H]6c7ccc(O)cc7CC[C@@H]6c6ccccc6)cc5)CCN43)C2=O)C(=O)N1,-0.7958800173440752
Cc1cccc(NC(=O)c2ccc(-c3nn4c(c3C(N)=O)Nc3ccc(N5CCN(C6CN(C7CN(c8ccc9c(c8)C(=O)N(C8CCC(=O)NC8=O)C9=O)C7)C6)CC5)cc3CC4)c(F)c2C)n1,0.3838153659804312
COc1cc(-c2cn(C)c(=O)c3cnccc23)cc(OC)c1C(=O)N1CC2(CCC(CN3Cc4cc5c(cc4C3)C(=O)N(C3CCC(=O)NC3=O)C5)CC2)C1,0.7558748556724915
Cc1ncc(-c2ccc3nc(NC(=O)COCCOCCOCCOCC(=O)N[C@H](C(=O)N4C[C@H](O)C[C@H]4C(=O)NCc4ccc(-c5scnc5C)cc4)C(C)(C)C)sc3c2)cc1NC(=O)OC1CCCCC1,4.301029995663981
CN[C@@H](C)C(=O)N[C@H](C(=O)N1CCC[C@H]1c1nc(C(=O)c2ccc(F)cc2)cs1)C1CCN(C(=O)c2cnc(N3CCN(CCCOc4cc5ncnc(Nc6n[nH]c(C)c6C)c5cc4S(=O)(=O)C(C)(C)C)CC3)cn2)CC1,-0.8860566476931632
Cc1ncsc1-c1ccc([C@H](C)NC(=O)[C@@H]2C[C@@H](O)CN2C(=O)[C@@H](c2cc(N3CCN(CCN4CCC(O[C@H]5C[C@H](Oc6cc(N7C8CCC7CN(c7cc(-c9ccccc9O)nnc7N)C8)ccn6)C5)CC4)CC3)no2)C(C)C)cc1,-1.0705810742857071
Cc1ncsc1-c1ccc([C@H](C)NC(=O)[C@@H]2C[C@@H](O)CN2C(=O)[C@@H](NC(=O)CCCCCCCCCCCN2CCN(S(=O)(=O)c3ccc(NC(=O)NCc4cccnc4)cc3)CC2)C(C)(C)C)cc1,0.380211241711606
Cc1ncsc1-c1ccc(CNC(=O)[C@H]2C[C@@H](O)CN2C(=O)[C@H](C(C)C)N2Cc3ccccc3C2=O)c(OCCOCCOCCOCCOCCOCCOc2cccc(CN3CCC(COc4cccc5nc(N)nc(N)c45)CC3)c2)c1,1.9395192526186185
Cc1ncsc1-c1ccc(CNC(=O)[C@@H]2C[C@@H](O)CN2C(=O)[C@@H](NC(=O)COCCCOCCNC(=O)C[C@@H]2N=C(c3ccc(Cl)cc3)c3c(sc(C)c3C)-n3c(C)nnc32)C(C)(C)C)cc1,2.4000196350651586
Cc1cccc(N(CC(=O)OC(C)(C)C)C(=O)c2ccc(-c3nn4c(c3C(N)=O)Cc3ccc(N5CCN(CC6CCN(c7ccc(N8CCC(=O)N(CC(=O)OC(C)(C)C)C8=O)cc7)CC6)CC5)cc3CC4)c(F)c2C)n1,0.5658478186735176
Cc1sc2c(c1C)C(c1ccc(Cl)cc1)=N[C@@H](CC(=O)Nc1cccc(OCCOCCOCCNc3cccc4nnn(C5CCC(=O)NC5=O)c(=O)c34)c1)c1nnc(C)n1-2,-0.494850021680094
O=C(/C=C/c1cccnc1)NCCCCC1CCN(C(=O)c2ccc(N3CCN(C(=O)CCCCNc4cccc5c4C(=O)N(C4CCC(=O)NC4=O)C5=O)CC3)cc2)CC1,0.1592663310934942
Cc1ncsc1-c1ccc([C@H](C)NC(=O)[C@@H]2C[C@@H](O)CN2C(=O)[C@@H](NC(=O)CCCCCN2CCN(CC[C@H](CSc3ccccc3)Nc3ccc(S(=O)(=O)NC(=O)c4ccc(N5CCN(CC6=C(c7ccc(Cl)cc7)CCC(C)(C)C6)CC5)cc4)cc3S(=O)(=O)C(F)(F)F)CC2)C(C)(C)C)cc1,1.968482948553935
Cc1cccc(NC(=O)c2ccc(-c3nn4c(c3C(N)=O)Nc3ccc(N5CCN(CC6CCN(c7cc8c(cc7F)C(=O)N(C7CCC(=O)NC7=O)C8=O)CC6)CC5)cc3CC4)c(F)c2C)n1,1.2704459080179626
CCc1cccc2cc(O)cc(-c3ncc4c(N5C[C@H]6CC[C@@H](C5)N6)nc(OC[C@@H]5CCCN5CCOCCC(=O)N[C@H](C(=O)N5C[C@H](O)C[C@H]5C(=O)N[C@@H](C)c5ccc(-c6scnc6C)cc5)C(C)(C)C)nc4c3F)c12,3.2605483726369795
NC(=O)c1c(-c2ccc(Oc3ccccc3)cc2)nn2c1Nc1ccc(N3CCN(c4ccc5c(c4)C(=O)N(C4CCC(=O)NC4=O)C5=O)CC3)cc1CC2,0.3996737214810381
CCCCN(Cc1ccc(C(=O)NO)cc1)C(=O)Nc1ccc(OCCn2cc(CNc3cccc4c3C(=O)N(C3CCC(=O)NC3=O)C4=O)nn2)cc1,0.5327543789924978
Cc1ncsc1-c1ccc(CNC(=O)[C@@H]2C[C@@H](O)CN2C(=O)[C@@H](NC(=O)COCCOCCOCCNC(=O)C[C@@H]2N=C(c3ccc(C#CCN)cc3)c3c(sc(C)c3C)-n3c(C)nnc32)C(C)(C)C)cc1,2.9684829485539352
COc1cc(OC)cc(N(CCNC(C)C)c2ccc3ncc(-c4cnn(CCCCCCCCCC(=O)NCCNc5cccc6c5C(=O)N(C5CCC(=O)NC5=O)C6=O)c4)nc3c2)c1,1.5365584425715302
CCS(=O)(=O)n1cc(-c2nc(Nc3ccc(N4CCN(C(=O)CCC(=O)Nc5cccc6c5CN(C5CCC(=O)NC5=O)C6=O)CC4)cc3)ncc2C(F)(F)F)c2ccccc21,2.255754786643044
COc1cc(N2CCC(NC(=O)CCCCCCC(=O)N[C@H](C(=O)N3C[C@H](O)C[C@H]3C(=O)NCc3ccc(-c4scnc4C)cc3)C(C)(C)C)CC2)ccc1Nc1ncc(Cl)c(Nc2ccccc2P(C)(C)=O)n1,0.9590413923210936
CC(C)COc1cnccc1-c1cnn(-c2ccc(N3CCN(Cc4cn(CCOCCOCCNc5ccc6c(c5)C(=O)N(C5CCC(=O)NC5=O)C6=O)nn4)CC3)cc2)c1,3.322219294733919
CCOc1cc(-c2ccc(N3CCC(CN4CCC(CN5CCN(c6ccc7c(c6)C(=O)N(C6CCC(=O)NC6=O)C7)CC5)CC4)(NC(=O)c4cc(F)ccc4F)CC3)nc2)c2c(C#N)cnn2c1,0.9822712330395684
CC(=O)N1CCc2c(c(-c3cccc4cc(-c5ccc(C(=O)NCCNc6cccc7c6C(=O)N(C6CCC(=O)NC6=O)C7=O)nc5)ncc34)nn2C2CCOCC2)C1,0.2304489213782739
CCN(C)S(=O)(=O)Nc1ccc(F)c(C(=O)c2c[nH]c3ncc(-c4ccc(N5CCN(C(=O)CCCOc6cccc7c6CN(C6CCC(=O)NC6=O)C7=O)CC5)cc4)cc23)c1F,1.2041199826559248
Cc1sc2c(c1C)C(c1ccc(Cl)cc1)=N[C@@H](CC(=O)NCCCCCCCCC(=O)N[C@@H](Cc1c[nH]c3ccccc13)C(=O)N[C@H]1CCC(=O)NC1=O)c1nnc(C)n1-2,1.6812412373755872
CC(=O)N1CCc2c(c(-c3cccc4cc(-c5ccc(C(=O)NC6CCN(c7ccc8c(c7)C(=O)N(C7CCC(=O)NC7=O)C8=O)CC6)nc5)ncc34)nn2C2CCOCC2)C1,0.0
CC(C)c1c(C(=O)Nc2ccccc2)c(-c2cccc(OCCCc3cn(CCCCCOCCCc4cccc5c4CN(C4CCC(=O)NC4=O)C5=O)nn3)c2)c(-c2ccc(F)cc2)n1CC[C@@H](O)C[C@@H](O)CC(=O)O,3.361727836017593
Nc1ncnc2c1c(-c1ccc(Oc3ccccc3)cc1)nn2C1CCN(CCOCCOCCOc2ccc3c(c2)CN(C2CCC(=O)NC2=O)C3=O)CC1,0.8976270912904414
CCC(C)(C)C(=O)C(=O)N1CCCC[C@H]1C(=O)O[C@H](CCc1ccc(OC)c(OC)c1)c1cccc(NC(=O)CCC(=O)NCCCCCCC(=O)N[C@@H](CC(C)C)C(=O)N[C@H]2CC(=O)NC2=O)c1,1.4313637641589874
CCOc1cc(-c2ccc(N3CCC(CN4CCN(C(=O)CCN5CCN(c6cccc(C7CCC(=O)NC7=O)c6)CC5)CC4)(NC(=O)c4cc(F)ccc4F)CC3)nc2)c2c(C#N)cnn2c1,1.287801729930226
CC(C)(C)[C@H](NC(=O)c1cc2cc(C(F)(F)P(=O)(O)O)ccc2s1)C(=O)N1CCC[C@H]1C(=O)N(CCC(=O)NCCCC#Cc1cccc2c1CN(C1CCC(=O)NC1=O)C2=O)c1ccc(-c2cccs2)cc1,2.322219294733919
COc1cc(C(=O)NC2CCN(CC3CCN(c4ccc5c(c4)C(=O)N(C4CCC(=O)NC4=O)C5=O)CC3)CC2)c(F)cc1Nc1ncc(C(F)(F)F)c(Oc2cccc3c2C(=O)N(C)C3)n1,1.442793225939769
NC(=O)c1c(-c2ccc(C(=O)Nc3cc(C(F)(F)F)ccn3)cc2F)nn2c1Nc1ccc(N3CCN(CC4CCN(c5ccc(N6CCC(=O)NC6=O)cc5)CC4)CC3)cc1CC2,-0.0746879085003505
Cc1sc2c(c1C)C(c1ccc(Cl)cc1)=N[C@@H](CC(=O)NCCOCCOCCNC(=O)CN1CCOc3cc(N(CCC#N)C(=O)CCl)ccc31)c1nnc(C)n1-2,3.041392685158225
Cc1ncsc1-c1ccc(CNC(=O)[C@@H]2C[C@@H](O)CN2C(=O)[C@@H](NC(=O)COCCOCCOCCOCCOc2cc3nccc(Nc4ccc5scnc5c4)c3cc2S(=O)(=O)C(C)(C)C)C(C)(C)C)cc1,0.146128035678238
Cn1c(=O)c2c(nc(S(C)(=O)=O)n2C)n(CC#Cc2cccc(NC(=O)CCCCCNc3cccc4c3C(=O)N(C3CCC(=O)NC3=O)C4=O)c2)c1=O,2.146128035678238
O=C(CCCCCCC(=O)N/N=C/c1ccc(OCCCC#Cc2cccc3c2CN(C2CCC(=O)NC2=O)C3=O)cc1)NO,0.287801729930226
NC(=O)c1cccc2cn(-c3ccc([C@@H]4CCCN(C(=O)CC5CCN(C(=O)CC6CCN(CC7CCN(c8ccc9c(c8)C(=O)N(C8CCC(=O)NC8=O)C9=O)CC7)CC6)CC5)C4)cc3)nc12,2.361727836017593
CC(C)S(=O)(=O)c1ccccc1Nc1nc(Nc2ccc(N3CCN(CCCC(=O)Nc4cccc5c4C(=O)N(C4CCC(=O)NC4=O)C5=O)CC3)cc2)nc2[nH]cnc12,1.9498777040368749
CC(Nc1cc(C(F)(F)F)ccn1)c1ccc(-c2nn3c(c2C(N)=O)Nc2ccc(N4CCN(CC5CCN(c6ccc(N7CCC(=O)NC7=O)cc6)CC5)CC4)cc2CC3)cc1,0.3242824552976926
Cc1nc(Nc2ncc(C(=O)Nc3c(C)cccc3Cl)s2)cc(N2CCN(CCCC(=O)N3CC4CC3CN4c3ccc(C4CCC(=O)NC4=O)cc3)CC2)n1,1.0530784434834195
Cc1c(Cl)cc(NC(=O)CCc2ccc3c(c2)C(=O)N(C2CCC(=O)NC2=O)C3)cc1CN1CCOCC1,1.6812412373755872
Cc1ncsc1-c1ccc([C@H](C)NC(=O)[C@@H]2C[C@@H](O)CN2C(=O)[C@@H](c2cc(OCCCCCNC(=O)C[C@@H]3N=C(c4ccc(Cl)cc4)c4c(sc(C)c4C)-n4c(C)nnc43)no2)C(C)C)cc1,0.6020599913279624
Cc1ncsc1-c1ccc([C@H](C)NC(=O)[C@@H]2C[C@@H](O)CN2C(=O)[C@@H](NC(=O)CCCCCCCCCCCn2cc(-c3cc(-c4ccccc4O)nnc3N)cn2)C(C)(C)C)cc1,0.4771212547196624
Cc1nc(NC(=O)c2ccc(-c3nn4c(c3C(N)=O)Nc3ccc(N5CCN(CC6CN(c7ccc(N8CCC(=O)NC8=O)cc7)C6)CC5)cc3CC4)c(F)c2C)ccc1Cl,0.8686444383948257
Cn1c(=O)c2c(nc(S(C)(=O)=O)n2C)n(CC#Cc2cccc(NC(=O)CCCCCCCNc3cccc4c3C(=O)N(C3CCC(=O)NC3=O)C4=O)c2)c1=O,2.4471580313422194
CN(CCCCC(=O)N1CCN2c3ccc4c(c3OC[C@H]2C1)CN([C@H]1CCC(=O)NC1=O)C4=O)c1ccc([C@@H]2c3ccc(O)cc3CC[C@@H]2c2ccccc2)cc1,-0.3372421683184259
C[C@H](Oc1cc(-c2cnn(C3CCN(CC4CN(c5ccc6c(c5)C(=O)N([C@H]5CCC(=O)NC5=O)C6=O)C4)CC3)c2)cnc1N)c1c(Cl)ccc(F)c1Cl,2.7937903846908188
COc1cc(N2CCC(N3CCN(C(=O)CCCCCCC(=O)N[C@H](C(=O)N4C[C@H](O)C[C@H]4C(=O)NCc4ccc(-c5scnc5C)cc4)C(C)(C)C)CC3)CC2)ccc1Nc1ncc(Cl)c(Nc2ccccc2P(C)(C)=O)n1,1.0569048513364727
CC(C)c1cc(C(=O)N2Cc3ccc(CN4CCN(CCCCCCC(=O)Nc5cccc6c5C(=O)N(C5CCC(=O)NC5=O)C6=O)CC4)cc3C2)ccc1O,2.469822015978163
O=C1CC[C@H](N2Cc3c(ccc4c3OC[C@H]3CN(CC5COC6(CCN(c7ccc([C@@H]8c9ccc(O)cc9CC[C@@H]8c8ccccc8)cc7)CC6)C5)CCN43)C2=O)C(=O)N1,-0.0457574905606751
Cc1nc(Nc2ncc(C(=O)Nc3c(C)cccc3Cl)s2)cc(N2CCN(CCCN3CC4CC3CN4c3ccc(C4CCC(=O)NC4=O)cc3)CC2)n1,1.307496037913213
COc1cc(N2CCN(c3ccc4c(c3)C(=O)N([C@H]3CCC(=O)NC3=O)C4=O)CC2)ccc1Nc1ncc(Cl)c(Nc2ccccc2P(C)(C)=O)n1,2.123851640967086
CC(C)S(=O)(=O)c1ccccc1Nc1nc(Nc2ccc(N3CCN(CCCCC(=O)Nc4cccc5c4C(=O)N(C4CCC(=O)NC4=O)C5=O)CC3)cc2)nc2[nH]cnc12,1.9268567089496924
CCN1CCN(Cc2ccc(NC(=O)c3cccc(-c4ccc5nc(NC(=O)COCCOCCOCCOc6cccc(C(=O)c7csc([C@@H]8CCCN8C(=O)[C@@H](NC(=O)[C@H](C)NC)C8CCCCC8)n7)c6)sc5n4)c3)cc2C(F)(F)F)CC1,2.4771212547196626
Nc1ncnc2c1c(-c1ccc(Oc3ccccc3)cc1)nn2[C@@H]1CCCN(C(=O)c2cn(CCOCCOCCOCCCc3cccc4c3CN(C3CCC(=O)NC3=O)C4=O)nn2)C1,1.255272505103306
CNCCOc1cc(-c2scnc2C)ccc1CNC(=O)[C@@H]1C[C@@H](O)CN1C(=O)[C@@H](NC(=O)COCCOCCOCCNC(=O)C[C@@H]1N=C(c2ccc(Cl)cc2)c2c(sc(C)c2C)-n2c(C)nnc21)C(C)(C)C,2.8920946026904804
CN1CCN([C@@H]2CCCN(c3cnc(C(N)=O)c(Nc4ccc(C5CN(C6CCN(c7ccc8c(c7)C(=O)N([C@H]7CCC(=O)NC7=O)C8=O)CC6)C5)cc4)n3)C2)C1=O,1.4471580313422192
Cc1ncsc1-c1ccc([C@H](C)NC(=O)[C@@H]2C[C@@H](O)CN2C(=O)[C@@H](NC(=O)CCCCCN2CCN(C(=O)c3ccc(Nc4ncc5c(n4)N(C4CCCC4)c4ccccc4C(=O)N5C)cc3)CC2)C(C)(C)C)cc1,2.2227164711475837
N#Cc1ccc(N2CCC(c3ccc(OCCCCN4CCN(c5ccc6c(c5)C(=O)N(C5CCC(=O)NC5=O)C6=O)CC4)cc3)CC2)cc1C(F)(F)F,1.3424226808222062
COc1ccc(C(F)(F)F)cc1C(=O)NCc1ccc(-c2nn3c(c2C(N)=O)Nc2ccc(N4CCN(CC5CCN(c6ccc(N7CCC(=O)NC7=O)cc6)CC5)CC4)cc2CC3)cc1,-0.549750891680639
COc1ccc(C2CC2)cc1C(=O)NCc1ccc(-c2nn3c(c2C(N)=O)Nc2ccc(N4CCN(CC5CCN(c6ccc(N7CCC(=O)NC7=O)cc6)CC5)CC4)cc2CC3)cc1,0.3010299956639812
CCN1CCC(n2cc(-c3c[nH]c4ncc(-c5ccc(N6CCC(CC7CCN(C(=O)c8ccc(Cl)c(N9CCC(=O)NC9=O)c8)CC7)CC6)nc5)nc34)cn2)CC1,0.3222192947339193
Cc1ncsc1-c1ccc([C@H](C)NC(=O)[C@@H]2C[C@@H](O)CN2C(=O)[C@@H](NC(=O)CCCCCCCCNC(=O)c2ccc(C(=O)N3CCC(CCCCNC(=O)/C=C/c4cccnc4)CC3)cc2)C(C)(C)C)cc1,1.73559889969818
Cc1cc(Nc2ncc(Cl)c(Nc3ccccc3S(=O)(=O)C(C)C)n2)c(OC(C)C)cc1C1CCN(C2CCN(c3ccc4c(c3)C(=O)N([C@@H]3CCC(=O)NC3=O)C4=O)CC2)CC1,1.6127838567197357
CC(C)C[C@H](NC(=O)[C@@H](O)[C@H](N)Cc1ccccc1)C(=O)NCCOCCOCCOCCNc1ccc(-c2cc(-c3cccc(Br)c3)n[nH]2)cc1,3.7032053706954864
CCc1cccc2cc(O)cc(-c3ncc4c(N5C[C@H]6CC[C@@H](C5)N6)nc(OC[C@@H]5CCCN5C5CC6(CCN(CC(=O)N[C@H](C(=O)N7C[C@H](O)C[C@H]7C(=O)N[C@@H](C)c7ccc(-c8scnc8C)cc7)C(C)(C)C)CC6)C5)nc4c3F)c12,2.1264561134318045
O=C1CC[C@H](N2Cc3c(ccc4c3OCC43CCN(CC(=O)N4CCCC5(CCN(c6ccc([C@@H]7c8ccc(O)cc8CC[C@@H]7c7ccccc7)cc6)CC5)C4)CC3)C2=O)C(=O)N1,-1.5394028111023983
COc1c(C)cccc1C(=O)NCc1ccc(-c2nn3c(c2C(N)=O)Nc2ccc(N4CCN(CC5CCN(c6ccc(N7CCC(=O)NC7=O)cc6)CC5)CC4)cc2CC3)cc1C,0.8463371121298052
C[C@@H](Oc1cc(-c2cnn(C3CCN(CC4CN(c5ccc6c(c5)C(=O)N(C5CCC(=O)NC5=O)C6=O)C4)CC3)c2)cnc1N)c1c(Cl)ccc(F)c1Cl,0.4313637641589873
CC1(C)CCC(c2ccc(Cl)cc2)=C(CN2CCN(c3ccc(C(=O)NS(=O)(=O)c4ccc(N[C@H](CCN5CCN(C(=O)CCCn6cc(COCCOCCNc7cccc8c7C(=O)N(C7CCC(=O)NC7=O)C8=O)nn6)CC5)CSc5ccccc5)c(S(=O)(=O)C(F)(F)F)c4)cc3)CC2)C1,1.662757831681574
CN(CCCC(=O)N1CCN2c3ccc4c(c3OC[C@H]2C1)CN([C@H]1CCC(=O)NC1=O)C4=O)c1ccc([C@@H]2c3ccc(O)cc3CC[C@@H]2c2ccccc2)cc1,0.2041199826559248
CC(C)C[C@H](NC(=O)[C@H](Cc1ccccc1)NC(=O)c1ccc(C(=O)NCCCCNC(=O)COc2cccc3c2C(=O)N(C2CCC(=O)NC2=O)C3=O)cc1)B1OC2C[C@@H]3C[C@@H](C3(C)C)[C@]2(C)O1,2.8512583487190755
Cn1cccc1C(=O)N1CCN(C(=O)Nc2ccc(N3CCC(C(=O)N4CCN(c5ccc6c(c5)C(=O)N(C5CCC(=O)NC5=O)C6=O)CC4)CC3)cc2)CC1,-1.623423042943488
CCc1cccc2cc(O)cc(-c3ncc4c(N5C[C@H]6CC[C@@H](C5)N6)nc(OC[C@@H]5CCCN5CCCCCCC(=O)N[C@H](C(=O)N5C[C@H](O)C[C@H]5C(=O)N[C@@H](C)c5ccc(-c6scnc6C)cc5)C(C)(C)C)nc4c3F)c12,2.7573200965466724
CCCCN(Cc1ccc(C(=O)NO)cc1)C(=O)Nc1ccc(NC(=O)CCCc2cn(CCOCCNc3cccc4c3C(=O)N(C3CCC(=O)NC3=O)C4=O)nn2)cc1,0.505149978319906
Cc1c(Cl)cc(NC(=O)CCc2ccc3c(c2)C(=O)N(C2CCC(=O)NC2=O)C3)cc1CN1CCC(N2CCOCC2)CC1,2.24551266781415
Cc1cc(-c2c[nH]c3ncc(-c4ccc(N5CCN(C6CCN(c7ccc8c(c7)C(=O)N(C7CCC(=O)NC7=O)C8=O)CC6)CC5)cc4)nc23)ccc1C(=O)N(C)C,1.996511672154179
CN(CCCCCCC(=O)Nc1ccc2c(c1)C(=O)N(C1CCC(=O)NC1=O)C2=O)CC[C@@H](c1ccccc1)n1cc(NC(=O)c2n[nH]c3c2CCC(C)(C)C3)cn1,0.9542425094393248
