gene,adipose_tissue,adrenal_gland,amygdala,appendix,basal_ganglia,blood_vessel,bone_marrow,breast,cerebellum,cerebral_cortex,cervix,choroid_plexus,colon,duodenum,endometrium_1,epididymis,esophagus,fallopian_tube,gallbladder,heart_muscle,hippocampal_formation,hypothalamus,kidney,liver,lung,lymph_node,midbrain,ovary,pancreas,parathyroid_gland,pituitary_gland,placenta,prostate,rectum,retina,salivary_gland,seminal_vesicle,skeletal_muscle,skin_1,small_intestine,smooth_muscle,spinal_cord,spleen,stomach_1,testis,thymus,thyroid_gland,tongue,tonsil,urinary_bladder,vagina
CRBN,22.8,18.1,22.8,12.8,21.3,25.1,38.9,28.8,21.5,30.9,21.4,14.8,19.9,18.5,22.8,22.1,18.0,20.0,18.1,28.0,22.8,23.3,26.5,31.9,21.8,22.7,26.9,29.6,19.6,25.8,10.3,24.0,20.4,19.5,20.0,22.3,19.8,37.9,18.3,19.5,21.4,33.7,24.9,17.9,43.7,21.5,27.9,35.8,19.6,18.1,13.7
VHL,11.3,14.5,18.2,17.7,15.8,9.6,23.1,11.2,22.0,17.2,11.7,3.7,11.6,13.8,11.7,9.3,14.4,11.2,10.3,8.7,17.7,17.3,11.7,17.5,12.4,25.8,12.4,11.9,13.9,9.1,12.2,11.1,13.1,12.4,6.5,13.4,7.5,10.0,13.4,18.1,9.6,14.4,20.8,12.5,11.0,16.4,13.9,4.9,23.2,10.8,12.2
DCAF1,7.5,8.0,3.3,9.4,3.9,7.4,14.1,9.1,5.7,5.4,7.4,6.7,7.6,6.2,7.7,8.3,6.8,7.1,5.9,5.8,3.7,3.8,8.9,9.5,7.3,12.1,3.6,7.0,8.0,15.5,5.2,8.3,7.7,9.1,16.7,8.7,7.9,16.1,9.2,7.0,7.6,3.6,9.2,7.2,47.6,15.3,11.8,13.2,13.1,9.0,5.3
DCAF11,14.6,39.6,27.9,12.6,27.5,21.9,36.8,16.3,25.5,37.3,15.8,17.3,23.4,27.1,16.2,21.7,28.2,14.3,12.7,35.9,27.1,21.0,38.8,105.3,16.8,14.5,23.5,22.4,56.2,26.4,25.4,8.7,23.1,15.1,16.3,24.4,16.4,58.7,19.2,35.1,10.9,18.8,27.9,31.6,15.9,17.6,25.2,46.6,15.1,20.0,15.2
DCAF15,17.0,10.2,9.6,14.2,9.4,15.1,29.5,17.2,29.7,11.1,19.9,7.0,17.5,10.8,17.1,5.2,23.1,16.3,6.5,18.0,10.1,10.2,15.5,13.4,18.0,19.5,8.5,14.9,13.2,9.2,16.0,10.1,16.3,5.5,4.8,15.6,8.1,22.1,29.2,22.2,6.7,10.7,32.2,13.6,43.0,20.2,16.5,11.9,12.3,14.7,20.6
DCAF16,9.1,7.7,7.4,7.6,7.4,9.3,17.2,12.1,8.9,8.7,11.9,4.5,9.8,7.5,13.0,9.6,7.5,10.8,6.2,7.9,8.4,9.5,7.5,4.5,8.6,11.2,8.2,18.5,10.6,11.6,12.5,9.2,9.9,8.9,12.4,10.4,7.5,7.7,14.2,9.7,8.3,10.2,8.4,8.3,10.2,11.1,9.5,4.1,10.7,9.2,9.7
FEM1B,16.2,12.8,11.3,15.2,11.0,22.9,56.7,22.2,20.9,25.4,16.9,7.1,16.3,14.4,25.0,13.8,23.1,14.9,13.9,18.5,12.0,12.2,12.8,18.8,15.4,14.8,11.4,18.6,10.9,16.9,8.4,17.8,17.4,15.4,20.9,12.0,19.6,46.0,22.1,15.7,28.2,13.6,16.2,12.1,67.7,17.6,16.0,25.5,17.4,20.5,15.3
FBXO22,6.0,9.9,5.6,6.3,5.7,7.7,5.3,5.4,10.1,7.2,6.7,6.7,8.2,8.4,5.7,3.8,9.4,6.3,4.9,7.4,5.6,6.7,8.0,15.4,5.9,6.6,6.1,6.6,9.4,7.1,7.8,6.6,6.9,5.5,20.3,7.2,3.8,11.3,7.6,7.9,5.5,5.5,4.9,7.0,10.3,5.3,6.5,6.4,5.6,7.7,7.0
KEAP1,30.1,40.1,39.1,19.3,42.4,31.2,19.3,29.2,33.4,38.0,33.6,34.7,36.3,24.9,30.8,20.9,54.2,27.6,22.8,57.8,41.4,40.5,32.9,59.0,24.4,21.7,49.8,24.3,31.6,22.9,29.3,15.9,35.6,15.5,15.2,33.5,23.5,170.8,37.3,26.3,17.5,52.0,30.9,31.6,19.9,21.4,34.1,70.8,17.3,39.1,35.1
KLHDC2,20.4,20.8,12.2,8.1,15.5,27.5,9.5,18.6,21.0,19.8,17.3,19.8,22.0,17.3,18.8,14.0,14.1,17.2,13.0,35.6,10.9,13.4,31.8,45.9,13.6,10.2,11.8,24.1,28.7,15.8,16.5,11.9,17.3,16.9,22.2,19.2,19.0,49.7,18.1,20.3,13.2,10.7,11.5,23.2,21.8,14.1,26.4,35.7,9.8,21.9,15.1
KLHL20,12.9,9.6,4.7,7.2,5.9,11.6,5.6,8.3,6.0,7.0,11.1,3.3,9.0,6.3,12.7,6.5,9.2,7.6,8.8,10.1,5.5,4.9,10.1,15.1,9.5,9.1,5.6,12.9,5.6,7.4,5.0,10.7,12.2,8.4,8.3,5.8,8.8,11.7,9.0,7.3,12.6,6.8,9.7,7.1,14.9,11.5,7.9,13.0,8.6,9.3,7.7
MDM2,14.3,12.5,6.1,10.7,6.5,10.3,30.0,13.1,8.0,9.9,13.3,16.9,21.1,6.6,9.7,10.3,12.8,14.1,12.0,7.6,7.0,5.8,10.0,28.9,14.5,14.7,7.8,9.4,14.1,10.4,6.1,17.1,11.7,22.7,14.0,9.7,11.4,18.2,13.1,7.3,11.9,11.0,11.6,9.7,6.5,15.0,15.3,12.7,16.4,15.7,11.1
RNF114,30.2,30.9,32.0,28.1,35.5,32.6,48.9,29.0,32.8,26.0,30.9,30.4,42.2,40.3,27.0,31.0,28.5,30.9,27.0,35.7,31.3,34.1,45.4,45.7,35.8,36.8,40.7,36.9,49.3,28.4,28.6,33.0,33.4,37.6,15.5,38.7,32.1,76.4,22.7,38.5,23.8,41.7,49.5,33.9,153.8,36.4,35.5,49.3,35.0,27.1,27.4
RNF4,29.8,30.4,20.7,33.6,23.2,30.4,43.7,29.3,33.1,26.3,28.0,28.4,27.6,27.3,28.6,26.8,30.6,27.3,26.5,26.3,20.5,20.6,29.5,25.6,27.6,46.6,21.7,29.5,30.5,31.6,26.4,26.6,27.4,25.7,22.2,27.4,26.4,27.6,29.3,30.1,31.0,21.8,39.6,29.5,30.1,46.7,28.7,21.6,46.8,32.7,26.7
UBR1,8.5,7.6,4.2,8.3,5.2,9.7,23.6,8.7,8.6,7.1,9.3,4.8,8.1,7.3,10.0,7.0,5.5,7.4,8.1,13.0,4.3,6.3,8.6,6.6,8.2,10.3,4.6,6.9,9.0,13.4,6.4,9.8,9.3,7.5,13.3,5.9,9.9,11.4,5.7,7.2,9.0,4.2,8.9,6.8,9.5,12.4,11.9,13.1,8.1,8.5,5.5
BIRC2,21.6,26.0,15.3,24.4,14.3,16.7,34.3,26.3,17.1,17.1,25.7,21.7,25.2,22.2,23.9,28.3,17.0,18.1,23.2,21.9,15.8,15.4,26.7,41.3,21.1,31.9,16.6,24.1,31.5,19.1,17.7,27.5,20.0,24.3,20.5,19.7,15.1,27.9,17.0,23.7,20.0,19.8,24.9,22.1,22.9,46.8,20.4,30.7,25.3,28.3,19.6
BIRC3,10.4,13.8,1.5,98.8,2.3,8.4,24.9,17.2,0.3,1.8,17.9,5.5,23.3,25.1,9.8,3.5,15.0,8.0,47.9,10.0,2.2,1.8,15.7,27.3,32.3,132.2,1.8,3.6,11.3,4.1,4.7,5.0,9.9,23.2,0.5,14.4,10.8,3.8,10.5,83.8,10.0,2.5,68.9,51.2,7.6,55.2,5.2,4.0,125.9,43.7,6.6
XIAP,9.1,7.4,0.6,9.7,0.7,2.0,8.6,9.2,0.8,10.0,9.6,5.1,11.9,9.6,8.9,9.3,11.0,7.5,8.7,7.4,0.6,0.7,11.9,11.8,8.2,10.1,0.7,6.4,8.4,18.0,0.8,8.5,8.2,10.1,20.3,7.5,7.2,7.8,8.3,9.9,7.6,1.2,10.1,9.7,4.5,8.4,15.1,11.1,8.5,9.5,1.6
HUWE1,35.8,44.1,38.6,20.2,50.9,48.8,25.5,35.8,56.2,47.2,38.9,32.3,46.8,17.1,44.6,50.3,46.3,39.9,17.8,53.5,39.5,44.2,45.1,39.6,34.5,25.2,42.9,52.1,43.7,41.0,52.0,22.9,36.5,21.7,37.8,37.4,27.3,95.8,56.7,38.5,27.9,34.9,40.5,43.0,41.5,39.1,40.8,54.9,29.2,45.2,38.4
NEDD4,5.8,3.4,1.3,3.8,1.3,7.7,5.9,6.5,0.3,1.8,5.1,0.9,5.3,3.9,6.7,2.7,4.1,3.4,5.3,4.3,1.3,1.3,6.3,25.6,5.0,2.9,1.6,4.4,1.7,5.0,2.0,14.6,5.1,4.1,4.1,2.9,7.2,63.3,8.6,7.7,7.4,1.8,4.6,3.2,1.7,5.2,6.7,54.3,2.9,4.8,4.2
NEDD4L,10.0,15.5,17.1,6.3,28.3,3.1,25.4,24.2,27.4,22.7,7.2,2.1,36.4,17.6,4.9,9.4,9.4,8.6,8.9,23.5,22.4,13.3,48.1,32.6,43.3,3.8,16.9,6.1,55.2,12.8,26.2,11.3,54.3,40.2,19.0,25.9,19.2,32.4,10.3,32.3,5.8,7.8,7.2,47.8,7.0,4.2,16.9,12.3,7.5,18.1,5.2
WWP1,31.5,20.8,12.5,24.4,16.6,15.5,17.3,38.1,9.4,13.6,22.2,20.5,25.3,24.8,21.5,23.3,31.1,17.4,42.5,47.5,11.5,11.0,38.2,104.5,25.7,36.5,13.9,22.0,26.4,109.4,9.1,34.7,31.3,31.1,40.0,24.6,24.1,160.5,38.5,26.4,23.0,13.6,43.0,32.4,27.6,21.1,30.6,114.3,28.7,31.5,15.0
UBE3A,27.3,27.3,17.0,26.0,20.4,24.9,30.4,30.5,19.4,32.9,31.5,28.5,31.3,21.6,30.8,27.8,30.9,28.1,23.0,38.0,19.2,17.7,30.4,39.3,23.5,31.1,16.4,31.8,25.6,36.0,14.2,26.5,29.8,27.2,30.4,22.0,26.7,102.4,25.3,27.8,28.8,18.3,25.3,24.7,42.5,38.8,38.9,86.0,32.0,30.6,18.7
STUB1,81.5,125.3,181.4,33.6,143.7,104.9,46.1,77.6,133.0,194.0,73.3,146.3,101.8,47.7,70.9,56.9,88.4,67.4,39.5,144.8,148.6,130.9,92.7,101.5,66.6,49.1,141.1,66.9,92.1,85.0,95.3,22.5,81.1,30.6,30.8,81.5,50.4,207.4,113.5,63.1,37.4,97.9,70.7,88.3,46.3,39.4,73.7,116.6,35.8,80.9,69.7
PRKN,2.9,2.9,3.5,0.0,4.9,2.7,0.1,1.7,2.5,5.8,1.1,0.3,2.2,1.1,1.3,1.1,1.9,1.2,1.3,8.5,3.9,2.7,4.6,0.8,0.7,0.3,2.5,1.8,1.1,2.1,1.6,0.2,1.0,0.5,1.3,1.1,1.3,26.6,1.8,0.9,1.1,1.5,0.7,1.5,7.9,0.4,1.2,14.8,0.2,2.1,0.8
RNF8,4.9,7.4,7.8,3.3,8.4,7.7,4.3,5.0,14.1,10.0,7.2,14.3,6.0,2.9,6.5,2.0,10.3,6.2,3.7,8.1,7.8,9.0,7.6,4.7,5.7,3.9,7.7,7.4,4.4,7.0,6.3,4.5,5.8,3.4,8.3,5.9,4.9,7.7,7.3,4.8,4.5,6.5,4.6,5.0,10.8,5.4,4.3,9.9,6.1,6.1,7.7
RNF168,8.1,4.6,3.3,5.6,3.2,7.6,19.4,6.4,6.7,4.8,8.1,4.0,5.7,5.8,5.9,3.8,7.5,5.3,4.2,6.3,3.5,4.3,3.5,9.7,7.6,6.8,3.7,6.9,4.5,3.8,3.3,5.1,4.9,5.3,4.5,5.5,3.8,12.3,10.8,5.3,4.9,4.2,6.4,5.5,10.0,7.2,4.6,7.7,8.1,6.1,8.9
TRIM21,13.3,12.3,4.5,20.4,5.7,11.8,26.1,11.1,1.5,4.0,11.0,13.0,16.0,19.1,12.1,12.3,11.4,13.7,12.1,12.7,4.1,5.5,12.4,16.6,22.2,22.3,5.9,21.3,11.3,6.4,6.8,13.6,10.7,17.3,2.2,18.4,12.2,5.2,10.7,18.0,16.7,4.6,30.5,14.3,3.2,20.3,9.3,7.7,21.7,15.6,10.3
SIAH1,22.7,13.9,12.8,10.2,12.4,20.9,26.6,22.3,14.5,14.7,16.9,9.2,15.4,15.0,18.1,14.7,13.5,16.2,14.8,14.0,13.9,13.2,13.7,22.4,17.1,13.1,13.2,19.1,13.3,13.7,10.4,47.1,15.7,13.7,17.7,15.6,13.0,20.7,21.6,15.7,13.6,14.7,13.1,14.8,21.8,13.1,16.4,16.2,12.2,13.7,16.8
RNF7,64.5,111.4,73.7,38.4,82.0,95.1,61.3,61.3,42.1,65.0,68.8,103.3,94.2,65.6,58.0,66.8,83.9,63.2,43.2,98.4,66.4,67.1,94.8,81.8,56.6,41.6,64.5,71.7,76.4,41.3,78.9,48.0,75.4,56.1,34.9,57.4,41.2,138.5,69.1,61.9,44.6,60.5,56.7,65.9,69.3,42.3,51.1,105.4,41.3,72.0,70.8
DDB1,49.5,145.9,30.4,41.6,33.0,49.2,44.5,55.3,32.9,61.7,57.7,56.3,46.9,50.0,44.6,75.3,46.7,73.7,37.4,60.9,25.5,30.1,60.5,52.3,40.7,43.9,28.1,76.4,40.1,218.5,33.2,121.9,53.1,49.2,150.8,51.0,66.9,128.5,57.4,46.9,57.8,25.6,39.5,41.9,64.7,75.7,60.8,116.9,62.4,54.8,33.5
CUL1,30.1,25.6,21.9,27.8,24.4,39.1,14.7,27.3,28.1,30.5,24.7,28.9,34.3,21.6,26.8,27.3,28.8,25.7,21.8,33.7,23.9,24.7,20.1,42.2,24.8,36.5,21.0,26.1,19.4,34.2,23.1,30.7,25.6,23.0,48.3,23.7,28.4,82.5,26.7,24.6,30.0,20.3,28.4,26.9,88.9,28.2,25.7,69.7,33.4,32.0,23.9
CUL2,8.7,7.4,2.1,8.7,2.4,2.4,10.3,10.3,1.7,10.6,7.9,3.2,9.4,8.4,8.4,5.4,10.5,6.6,6.7,11.8,2.2,2.4,9.0,13.6,7.7,11.0,1.9,8.3,7.8,15.3,1.1,12.2,9.8,8.8,6.8,8.0,10.7,26.5,7.8,6.7,11.7,1.9,8.7,8.0,30.3,12.1,10.8,24.7,13.6,11.7,1.5
CUL3,26.9,27.1,16.5,33.4,16.5,25.0,44.2,34.2,21.3,31.1,30.8,24.9,32.6,31.4,29.5,26.5,46.8,25.8,27.7,32.9,16.4,17.3,41.6,42.7,27.0,47.8,16.8,27.9,30.2,49.8,16.7,32.3,29.0,33.3,37.1,29.9,24.8,91.0,38.9,30.7,28.7,15.7,27.9,31.1,193.0,41.1,40.8,72.4,64.1,33.9,27.2
CUL4A,37.1,33.0,15.2,24.6,15.4,33.7,59.8,32.7,23.3,16.3,30.3,27.6,30.6,25.4,29.4,22.9,34.9,27.1,22.9,59.1,15.4,16.4,28.3,37.8,29.2,30.8,18.9,27.0,34.6,31.9,23.9,28.4,31.6,28.0,19.5,35.0,23.6,160.8,44.8,29.5,23.6,22.6,29.8,32.0,44.2,24.3,29.5,117.4,29.2,29.4,30.4
CUL4B,14.7,17.0,5.0,13.6,7.2,22.5,9.2,18.8,13.3,19.1,23.1,10.7,15.0,11.6,16.5,25.7,21.9,15.1,14.5,12.2,5.3,6.9,16.9,18.2,10.8,19.2,5.0,24.4,15.8,22.7,14.0,14.6,17.1,12.7,18.4,10.0,21.1,7.3,14.4,10.8,14.6,7.8,16.7,13.1,26.2,23.6,14.8,11.7,20.4,13.8,14.3
CUL5,9.2,10.8,5.9,9.0,6.0,7.1,27.0,12.1,8.9,11.5,11.1,4.5,8.5,8.5,12.3,9.3,10.0,9.0,7.9,14.3,6.1,5.7,15.2,13.2,8.3,10.4,6.1,11.0,8.4,12.6,5.2,10.7,11.3,8.6,11.7,8.0,8.9,43.4,10.7,8.1,9.8,7.5,9.2,8.8,6.1,11.9,13.5,35.1,9.6,9.3,6.7
RBX1,36.8,45.4,72.8,32.4,62.4,40.1,62.8,42.3,48.9,68.7,38.4,61.1,35.5,25.1,33.4,55.8,52.0,30.7,21.2,70.5,68.2,68.4,50.2,37.5,37.0,42.0,73.5,34.1,24.0,36.0,33.7,38.6,32.2,30.8,43.0,32.0,25.3,81.9,42.1,31.9,30.5,90.1,38.6,36.3,24.0,55.2,34.8,93.7,48.3,34.1,36.9
SKP1,407.5,535.3,590.4,140.0,543.6,734.5,242.0,421.6,599.5,639.5,425.0,627.0,490.9,154.9,417.6,266.8,381.3,433.2,210.7,614.4,521.8,596.2,599.0,299.3,328.5,215.8,678.1,497.3,249.9,500.0,469.9,256.4,385.2,224.1,304.2,343.3,358.4,1010.3,396.6,338.2,292.2,680.5,289.9,361.2,349.2,314.4,419.9,550.2,227.7,462.8,371.4
ELOB,214.7,267.6,472.7,128.5,419.6,283.6,271.3,216.0,248.6,400.7,197.9,535.0,254.1,138.6,191.4,74.1,272.9,203.4,168.8,435.5,404.9,348.8,292.7,303.0,191.9,172.7,397.8,171.9,198.0,222.0,252.9,103.6,213.7,79.5,52.3,318.6,105.1,556.1,235.1,185.0,83.1,353.1,186.7,235.4,370.4,165.8,184.1,279.9,88.7,193.6,209.7
ELOC,77.3,82.5,110.8,45.2,95.2,75.1,85.2,59.6,73.2,117.5,45.9,81.6,60.4,29.9,46.4,64.5,74.4,43.8,38.6,137.8,94.3,84.0,78.7,75.2,62.0,52.6,92.9,49.9,39.4,56.5,55.4,54.8,43.6,43.3,66.8,45.8,42.3,190.6,47.6,39.8,54.0,84.8,47.4,56.5,111.5,61.6,42.4,120.6,64.3,66.7,52.0
