gene,Stomach,blood_vessel,bone_marrow,cerebral_cortex,colon,duodenum,fallopian_tube,heart_muscle,ileum,jejunum,kidney,liver,lung,lymph_node,ovary,pancreas,salivary_gland,skeletal_muscle,skin,spleen
CRBN,560131.9,79888.8,84706.3,567394.7,157461.2,82236.6,714637.0,183106.2,93685.5,55526.9,,247553.1,215478.0,978259.2,70821.6,43784.9,284345.1,309004.2,283921.1,192278.9
VHL,,,85902.6,,,,1246.2,,,,,,,61608.5,,,,,,
DCAF1,,,1249091.4,737675.9,,1058409.7,1252399.2,,745513.9,1453353.9,501649.0,1028326.6,725035.6,582865.8,1061103.6,1215299.0,487174.8,,45192.6,490122.9
DCAF11,3192275.7,,6910271.3,156547.7,13291323.1,445801.5,1259180.5,605946.4,1114869.6,2714505.4,1112032.3,2325823.8,488915.8,853325.7,481194.8,359197.9,1386465.4,756583.8,,465588.6
DCAF15,,,,,,,,,,,,,,,,68415.3,,,,
DCAF16,,,,,,,5635.4,,,7913.1,,,,603335.0,,,,,,
FEM1B,,,,23231.8,,,,,,,,,,,,,,,,
FBXO22,4831461.3,,3011416.9,2195637.8,5530147.8,2026010.1,1486753.7,185727.9,473835.5,709535.4,1035023.1,1149834.6,245986.0,2068081.2,2018322.3,3771004.2,2079585.4,,597877.2,588478.3
KEAP1,,,1993722.4,,4868860.7,104558.9,2626962.3,,3080383.7,4129979.0,,,2655321.7,3322415.7,3008206.4,485609.9,632578.8,,,1483992.9
KLHDC2,,,,,,,,,,,,,,,,,,,,
KLHL20,,,,,,,,,,,,,,,,,,,,
MDM2,,,,,,,,,,,,,,,,,,,,
RNF114,3915185.2,194408.4,1455001.5,553976.9,7483808.4,1810952.2,1136452.0,140040.3,3065296.8,3127862.0,644002.7,357554.8,554951.6,1064490.4,1170907.7,1069269.0,127963.4,476074.8,,1022338.6
RNF4,,,,,1599924.5,,,,,,,,,,,,,,,
UBR1,3578688.4,3432716.1,1047584.3,2473730.6,938106.8,838367.4,1533408.5,1097193.6,474034.0,3500592.2,813020.1,1794038.5,1019842.0,2526141.1,422500.7,8836681.4,1334312.2,,,918954.8
BIRC2,,,1007252.7,127286.6,,,40668.8,,,,,,,,,39650.7,380653.2,,,
BIRC3,,,,,,6756.2,,,,31194.9,,,,131080.3,25226.6,,,,,
XIAP,224179.0,,1360392.4,986474.3,110970.9,5807671.5,1525344.1,394386.0,495513.1,2785139.0,85755.2,476447.7,416373.2,2760829.4,676070.9,1096770.1,372788.7,3899619.0,,482137.8
HUWE1,9997592.9,4562543.9,24878673.2,34135022.0,27133733.3,13459461.6,38058662.7,17910546.2,11573330.7,13868659.4,9753574.6,8803054.0,22459400.2,25925821.9,26679064.1,6178359.1,14860492.0,2020999.1,8664539.1,24542354.8
NEDD4,,384776.0,972943.2,,,,1871988.4,,921425.4,1409636.5,,825080.1,390653.7,859618.9,162409.8,,1609716.5,,,1460609.3
NEDD4L,6254081.5,1065092.3,3867905.1,6965511.7,2095931.8,2654341.0,1839118.9,,3295151.2,3466480.0,966137.8,251866.0,3028899.6,1686010.0,1881286.5,6933775.9,582572.2,,37845.1,1707375.2
WWP1,,,,83129.1,,,,,,,,196740.7,,229148.6,,,,,,
UBE3A,1542332.5,366366.8,10428344.2,3500321.7,,261750.7,3204669.3,4528420.7,1880021.5,4919277.3,209805.0,2542708.5,2556507.8,5740994.0,3073685.7,571479.7,2837308.1,282368.3,4616912.1,2333592.1
STUB1,34432107.9,6860477.0,11811569.7,232491944.1,4617568.6,18215612.9,14921823.3,14647563.9,13542473.5,5891361.4,48379729.4,16072648.2,18005813.2,19602410.4,29625279.3,4038340.5,19700978.9,10834857.4,19353665.5,3252162.5
PRKN,,,,1088946.8,,,,90114.9,,,,,,,,,,,,
RNF8,,,,,,,,,,,,,,,,,,,,
RNF168,,,,,,,,,,3252.1,,,,17306.5,,,,,,
TRIM21,13717651.0,1555988.1,17513693.0,424856.6,2942723.4,402378.2,4099052.3,,709834.7,5874447.3,,3962579.4,2339850.6,13257538.2,1077031.5,1082480.2,1386324.8,,3915833.6,4531460.4
SIAH1,,,,,,,,,,,,,,,,,,,,
RNF7,,,,,,,,,,,,,,,,,,,,
DDB1,20142583.3,8575382.7,33270138.3,55216666.2,22909001.8,23364930.1,47106836.9,13160214.1,20634886.7,45007055.4,3961586.9,31841205.0,22721688.4,47716635.6,21830558.8,62497393.7,33877202.8,36663861.3,34684375.5,37397312.8
CUL1,4162205.7,7657309.1,3100578.4,12405745.2,2767218.1,3964355.0,6880295.1,2656051.3,3260270.5,2698675.6,,6670963.1,4823100.1,10587684.6,3886256.5,2903734.1,3517480.4,3728388.0,1885469.3,5198114.9
CUL2,5103857.2,1259504.3,503631.7,10846950.2,514240.5,420691.1,2057843.1,114218.1,2734038.9,1956834.3,,686703.4,825287.6,2298853.4,269953.5,489362.8,361180.9,6531461.2,312182.9,1221483.6
CUL3,11225636.7,6324526.8,7173494.2,39837559.6,7616552.6,6050161.8,19782634.9,12812946.9,6983259.2,5362798.4,324607.9,6561415.5,15646472.6,27132241.7,4287250.5,10103726.5,5910722.5,2281703.2,1982728.5,17439511.3
CUL4A,77545870.8,4946613.0,37832054.0,60217003.2,3328491.6,40108935.8,48251146.8,27595266.2,35881435.9,86690308.5,,34214639.1,53288334.6,50631744.5,3043964.8,5251401.8,22783936.7,13640624.3,,14963455.9
CUL4B,778688.2,,3522742.5,6899452.9,,2619563.4,1238858.6,,631257.3,6985590.3,,949527.5,2738789.7,6873298.2,1164880.7,2428703.4,1372775.9,,6403968.2,3689788.7
CUL5,2050732.0,1589430.3,3344532.3,24182382.0,8595586.6,5017095.9,15810756.0,2761208.6,2889660.8,3418540.5,319280.2,5929857.6,5312137.5,13797040.9,5555860.1,2486655.9,3789183.7,14506061.2,1122180.1,5665327.3
RBX1,,,,,,,,,,,,,,,,,,,,
SKP1,24200743.3,19489597.1,58937800.2,198410077.0,30448805.5,56064923.6,48845544.3,58073855.0,30513408.9,26077646.1,84070564.5,61816382.7,45665284.8,13771184.4,81832046.4,48826174.5,38633792.1,46311401.3,45847706.4,40596543.4
ELOB,29314495.6,13464435.7,61440687.2,62320928.8,11009641.9,24484337.6,20331265.7,76574913.4,18892581.3,22388899.0,45381665.6,23086205.7,16090010.5,9147540.8,32970831.8,7218955.3,26251158.7,96232050.2,12676195.3,18565500.7
ELOC,13546405.5,1545812.7,66392370.4,58297695.9,12191960.2,44387098.4,31562531.8,111268838.6,18950261.9,21578733.7,41497386.6,35667536.3,26027346.5,14386961.2,43589587.1,13157396.4,24780112.7,101953239.9,5896633.6,24391522.9
