smiles,logDC50,logDC50_unc
O=C1CCC(N2C(=O)c3cccc(N4CCN(C(=O)C5CCN(c6ccc(NC(=O)c7cnc(Oc8ccccc8)nc7)cc6)CC5)CC4)c3C2=O)C(=O)N1,0.7841813,0.001828
Cc1ncsc1-c1ccc(CNC(=O)[C@@H]2C[C@@H](O)CN2C(=O)[C@@H](c2cc(OCCOCCOCCOc3cc(N4C5CCC4CN(c4cc(-c6ccccc6O)nnc4N)C5)ccn3)no2)C(C)C)cc1,0.036352236,0.001785
O=C1CC[C@H](N2Cc3c(ccc4c3OCC43CCN(CC4CCC5(CCN(c6ccc([C@@H]7c8ccc(O)cc8CC[C@@H]7c7ccccc7)cc6)CC5)OC4)CC3)C2=O)C(=O)N1,-0.8177881,0.025362
COc1ccc(C)cc1C(=O)NCc1ccc(-c2nn3c(c2C(N)=O)Nc2ccc(N4CCN(CC5CCN(c6ccc(N7CCC(=O)NC7=O)cc6)CC5)CC4)cc2CC3)cc1,0.5626232,0.01306
NC(=O)c1c(-c2ccc(C(=O)Nc3cc(C4CC4)ccn3)cc2)nn2c1Nc1ccc(N3CCN(CC4CCN(c5ccc(N6CCC(=O)NC6=O)cc5)CC4)CC3)cc1CC2,0.3561901,0.014581
O=C1CC[C@H](N2Cc3c(ccc4c3OCC43CCN(CC4CCC5(CC4)CCN(c4ccc([C@@H]6c7ccc(O)cc7CC[C@@H]6c6ccccc6)cc4)CC5)CC3)C2=O)C(=O)N1,-0.6722991,0.01709
O=C1CCC(N2C(=O)c3ccc(N4CCN(C(=O)C5CCN(c6ccc(NC(=O)c7cnc(Oc8ccccc8)nc7)cc6)CC5)CC4)cc3C2=O)C(=O)N1,0.795213,0.004856
Cc1nnc2n1-c1sc(C#Cc3cnn(C4CN(c5ccc6c(c5)C(=O)N(C5CCC(=O)NC5=O)C6=O)C4)c3)c(Cc3ccccc3)c1COC2,0.43652925,0.02055
COc1ccc(F)c(F)c1C(=O)NCc1ccc(-c2nn3c(c2C(N)=O)Nc2ccc(N4CCN(CC5CCN(c6ccc(N7CCC(=O)NC7=O)cc6)CC5)CC4)cc2CC3)cc1,0.43248153,0.007494
Nc1nnc(-c2ccccc2O)cc1N1CC(Oc2cccc(CN3CCN(C(=O)CN4CCC(c5ccc(NC6CCC(=O)NC6=O)cc5)CC4)CC3)c2)C1,0.7627616,0.048023
N#Cc1ccc(O[C@H]2CC[C@H](NC(=O)c3ccc(NCCCNc4ccc5c(c4)C(=O)N(C4CCC(=O)NC4=O)C5=O)cc3)CC2)cc1Cl,0.10587176,0.012918
CCOc1cc(-c2ccc(N3CCC(CN4CCN(C(=O)CCN5CCC(c6ccc7c(c6)CN(C6CCC(=O)NC6=O)C7=O)CC5)CC4)(NC(=O)c4cc(F)ccc4F)CC3)nc2)c2c(C#N)cnn2c1,0.33742678,0.005557
NC(=O)c1c(-c2ccc(C(=O)Nc3ccc(C(F)(F)F)cn3)cc2)nn2c1Nc1ccc(N3CCN(CC4CCN(c5ccc(N6CCC(=O)NC6=O)cc5)CC4)CC3)cc1CC2,0.37536505,0.009152
Cc1ncsc1-c1ccc([C@H](C)NC(=O)[C@@H]2C[C@@H](O)CN2C(=O)[C@@H](c2cc(OCCCCN3CCC(c4ccc5c(c4)C(C)(C)c4nc(=O)c6c(Cl)cccc6n4-5)CC3)no2)C(C)C)cc1,0.14214699,0.006682
Cc1cccc(NC(=O)c2ccc(-c3nn4c(c3C(N)=O)Nc3ccc(N5CCN(C6CC(c7ccc(N8CCC(=O)NC8=O)cc7)C6)CC5)cc3CC4)c(F)c2C)n1,0.4645543,0.009581
CCCCn1cc(-c2cc(OC)c(OC3CCN(CC4CCN(C(=O)c5ccc(Cl)c(N6CCC(=O)NC6=O)c5)CC4)CC3)c(OC)c2)c2ccncc2c1=O,1.0000868,0.014187
COc1ccccc1C(=O)NCc1ccc(-c2nn3c(c2C(N)=O)Nc2ccc(N4CCN(CC5CCN(c6ccc(N7CCC(=O)NC7=O)cc6)CC5)CC4)cc2CC3)c(F)c1F,0.33503112,0.005684
Cc1sc2c(c1C)C(c1ccc(Cl)cc1)=N[C@@H](CC(=O)Nc1ccc(OCCOCCOCCNc3cccc4nnn(C5CCC(=O)NC5=O)c(=O)c34)cc1)c1nnc(C)n1-2,0.9293092,0.016878
CN(CCCCCCCCC(=O)Nc1ccc2c(c1)C(=O)N(C1CCC(=O)NC1=O)C2=O)CC[C@@H](c1ccccc1)n1cc(NC(=O)c2n[nH]c3c2CCC(C)(C)C3)cn1,1.1113797,0.00733
CC(=O)N1CCc2c(c(-c3cccc4cc(-c5ccc(C(=O)N6CC7(CCC(Nc8cccc9c8C(=O)N(C8CCC(=O)NC8=O)C9=O)CC7)C6)nc5)ncc34)nn2C2CCOCC2)C1,0.071477376,0.022936
CC1(C)CCC(c2ccc(Cl)cc2)=C(CN2CCN(c3ccc(C(=O)NS(=O)(=O)c4ccc(N[C@H](CCN5CCN(CCOCCOCCOCCNc6cccc7c6C(=O)N(C6CCC(=O)NC6=O)C7=O)CC5)CSc5ccccc5)c(S(=O)(=O)C(F)(F)F)c4)cc3)CC2)C1,1.9331802,0.001953
CC(C)n1nc(-c2noc(C3CC3)c2-c2cn(C3CCN(C(=O)CCCCCCN4CCN(c5ccc6c(c5)C(=O)N(C5CCC(=O)NC5=O)C6)CC4)CC3)cn2)c2c(N)ncnc21,1.2658778,0.008645
COc1cc(N2CCC(N3CCN(CC4CCN(c5cccc6c5C(=O)N(C5CCC(=O)NC5=O)C6=O)CC4)CC3)CC2)ccc1Nc1ncc(Cl)c(Nc2ccccc2P(C)(C)=O)n1,1.6107017,0.005174
CN(CCCOCCCc1cccc2c1n(C)c(=O)n2C1CCC(=O)NC1=O)C[C@H]1CC[C@H](n2cc(NC(=O)c3cnn4ccc(N5C[C@H](N)CC(F)(F)C5)nc34)c(C(F)F)n2)CC1,1.0477787,0.018773
Cc1nc2cc(NC(=O)CCCCCCCNC(=O)COc3cccc4c3C(=O)N(C3CCC(=O)NC3=O)C4=O)ccc2n1Cc1ccc(C(=O)NO)cc1F,2.5939314,0.015216
CNC(=O)c1ccccc1Nc1cc(Nc2ccc(N3CCN(CCCCCCCCCCC(=O)N[C@H](C(=O)N4C[C@H](O)C[C@H]4C(=O)N[C@@H](C)c4ccc(-c5scnc5C)cc4)C(C)(C)C)CC3)cc2OC)ncc1C(F)(F)F,1.1132442,0.010886
N#Cc1ccc(N2CCC(c3ccc(OCCCCCN4CCN(c5ccc6c(c5)CN(C5CCC(=O)NC5=O)C6=O)CC4)cc3)CC2)cc1C(F)(F)F,1.0309173,0.071624
Cc1nc(Nc2ncc(C(=O)Nc3c(C)cccc3Cl)s2)cc(N2CCC(CN3CCN(c4ccc(C5CCC(=O)NC5=O)cc4)CC3)CC2)n1,0.63221496,0.00588
CC(=O)c1c(C)c2cnc(Nc3ccc(N4CCN(CCCCCCC(=O)N5CCC[C@H]5C(=O)N[C@@H]5CCC(=O)NC5=O)CC4)cn3)nc2n(C2CCCC2)c1=O,1.5321954,0.0103
COc1cc(-c2cn(C)c(=O)c3cnccc23)cc(OC)c1CN1CCC2(CC1)CC(N1Cc3cc4c(cc3C1)C(=O)N(C1CCC(=O)NC1=O)C4)C2,1.0455948,0.04707
NC(=O)c1c(-c2ccc(Oc3ccccc3)cc2)nn2c1Nc1cc(C(=O)N3CCN(CC4CCN(c5ccc6c(c5)C(=O)N(C5CCC(=O)NC5=O)C6=O)CC4)CC3)ccc1CC2,1.0729834,0.012397
COc1cc2ncnc(Nc3ccc(F)c(Cl)c3)c2cc1OCCCN1CCN(CCC(=O)NCCCCCCCCOc2cccc3c2C(=O)N(C2CCC(=O)NC2=O)C3=O)CC1,1.8128018,0.015637
O=C1CCC(N2C(=O)c3ccc(N4CCC(CN5CCC(CC(=O)N[C@H]6CC[C@@H](Nc7ncnc8[nH]cc(C(=O)c9ccc(Oc%10ccccc%10)cc9Cl)c78)CC6)CC5)CC4)cc3C2=O)C(=O)N1,1.0095645,0.013116
CN1CCN(c2ccc(-c3cccc(CN4CCN(CCNC(=O)CCCCCCCNc5cccc6c5C(=O)N(C5CCC(=O)NC5=O)C6=O)CC4)c3)cc2NC(=O)c2c[nH]c(=O)cc2C(F)(F)F)CC1,1.8608036,0.013583
Cc1sc2c(c1C)C(c1ccc(Cl)cc1)=N[C@@H](CC(=O)NCCCCCCCCC(=O)N1CCC[C@H]1C(=O)N[C@H]1CC(=O)NC1=O)c1nnc(C)n1-2,1.9208916,0.013936
O=C(CNc1ncnc2[nH]cc(C(=O)c3ccc(Oc4ccccc4)cc3Cl)c12)NCCOCCOCCOCCNc1cccc2c1C(=O)N(C1CCC(=O)NC1=O)C2=O,2.268793,0.034933
Cc1cc(Nc2ncc(Cl)c(Nc3ccccc3S(=O)(=O)C(C)C)n2)c(OC(C)C)cc1C1CCN(C2CN(C3CCN(c4ccc5c(c4)C(=O)N([C@@H]4CCC(=O)NC4=O)C5=O)CC3)C2)CC1,1.751161,0.007369
CCC[C@H](NC(=O)[C@@H]1[C@H]2CCC[C@H]2CN1C(=O)[C@@H](NC(=O)[C@@H](NC(=O)c1cnc(C(=O)NCCOCCOCCOc2cc3c4c(cccc4c2)C(=O)N(C2CCC(=O)NC2=O)C3=O)cn1)C1CCCCC1)C(C)(C)C)C(=O)C(=O)NC1CC1,2.918148,0.009131
Cc1ncsc1-c1ccc(CNC(=O)[C@@H]2C[C@@H](O)CN2C(=O)[C@@H](NC(=O)C2(F)CC2)C(C)(C)C)c(OCCc2ccc(OCCN3CCN(c4cc(-c5ccccc5O)nnc4N)CC3)cc2)c1,1.4633331,0.008522
CC(C)(C)[C@H](NC(=O)c1cc2cc(C(F)(F)P(=O)(O)O)ccc2s1)C(=O)N1C[C@@H](OCCCCC#Cc2cccc3c2CN(C2CCC(=O)NC2=O)C3=O)C[C@H]1C(=O)N1CCO[C@H](c2ccccc2)C1,2.167271,0.001427
COc1ccc(C(F)(F)F)cc1C(=O)NCc1ccc(-c2nn3c(c2C(N)=O)Nc2ccc(N4CCN(CC5CCN(c6ccc(N7CCC(=O)NC7=O)cc6)CC5)CC4)cc2CC3)cc1C,0.7465289,0.020679
CN(CCCC#Cc1cccc2c1CN(C1CCC(=O)NC1=O)C2=O)C(=O)CCN(C(=O)[C@@H]1CCCN1C(=O)[C@@H](NC(=O)c1cc2cc(C(F)(F)P(=O)(O)O)ccc2s1)C(C)(C)C)c1ccc2ccccc2c1,2.3200936,0.005574
CCC(C)(C)C(=O)C(=O)N1CCCC[C@H]1C(=O)O[C@H](CCc1ccc(OC)c(OC)c1)c1cccc(NC(=O)CCC(=O)NCCCCCCC(=O)N[C@@H](CC(C)C)C(=O)N[C@@H]2CCC(=O)NC2=O)c1,2.0683005,0.002034
CNC(=O)c1ccccc1Nc1cc(Nc2ccc(N3CCN(CCOCCOCCOCCOCC(=O)N[C@H](C(=O)N4C[C@H](O)C[C@H]4C(=O)N[C@@H](C)c4ccc(-c5scnc5C)cc4)C(C)(C)C)CC3)cc2OC)ncc1C(F)(F)F,1.3713967,0.017351
NC(=O)CC[C@H](NC(=O)[C@@H]1CC[C@@H]2CCN(C(=O)CCCCCCC#Cc3cccc4c3CN(C3CCC(=O)NC3=O)C4=O)C[C@H](NC(=O)c3cc4cc(C(F)(F)P(=O)(O)O)ccc4[nH]3)C(=O)N21)C(=O)NC(c1ccccc1)c1ccccc1,2.5961864,0.004519
CCc1c(F)ccc2cc(O)cc(-c3ncc4c(N5C[C@H]6CC[C@@H](C5)N6)nc(OC[C@@H]5C[C@@H](F)CN5CCCCOCC(=O)N[C@H](C(=O)N5C[C@H](O)C[C@H]5C(=O)N[C@@H](C)c5ccc(-c6scnc6C)cc5)C(C)(C)C)nc4c3F)c12,1.9303036,0.011033
CC(C)(O)c1cc2nn(CCCCCCCCCNc3cccc4c3C(=O)N(C3CCC(=O)NC3=O)C4=O)cc2cc1NC(=O)c1cccc(C(F)(F)F)n1,1.576105,0.015774
Nc1ncnc2c1c(-c1ccc(Oc3ccccc3)cc1)nn2C1CCN(CCCCCCOCCOCC(=O)Nc2cccc3c2C(=O)N(C2CCC(=O)NC2=O)C3=O)CC1,2.0013087,0.004196
C=CC(=O)Nc1cc(Nc2nccc(-c3cn(C)c4ccccc34)n2)c(OC)cc1N(C)CCN(C)CCOCCOCCOCCOCC(=O)Nc1cccc2c1CN(C1CCC(=O)NC1=O)C2=O,1.3043967,0.016143
Cc1ccc(NC(=O)Cn2cc(-c3ccc4c(NC(=O)c5ccc(N)cc5)nn(C(=O)CCCCCCCCCCC(=O)N[C@@H](C(=O)N5C[C@H](O)C[C@H]5C(=O)NCc5ccc(-c6scnc6C)cc5)C(C)(C)C)c4c3)cn2)cc1C(F)(F)F,2.202954,0.045389
CN(CCOCCOCCOCCOCC(=O)Nc1cccc2c1C(=O)N(C1CCC(=O)NC1=O)C2=O)CC[C@@H](c1ccccc1)n1cc(NC(=O)c2n[nH]c3c2CCC(C)(C)C3)cn1,1.4919058,0.007695
Cc1cc(Nc2ncc(Cl)c(Nc3ccccc3S(=O)(=O)C(C)C)n2)c(OC(C)C)cc1C1CCN(C2CCN(CCNc3ccc4c(c3)C(=O)N([C@@H]3CCC(=O)NC3=O)C4=O)CC2)CC1,1.7007504,0.004362
CC(C)c1c(C(=O)Nc2ccccc2)c(-c2cccc(OCCCc3cn(CCOCCOCCOCCOCCOCCNc4cccc5c4C(=O)N(C4CCC(=O)NC4=O)C5=O)nn3)c2)c(-c2ccc(F)cc2)n1CC[C@@H](O)C[C@@H](O)CC(=O)O,2.9060123,0.011216
O=C1CCC(N2C(=O)c3cc4c(cc3C2=O)CN(CC2CCN(c3ccc([C@@H]5c6ccc(O)cc6CC[C@@H]5c5ccccc5)cc3)CC2)C4)C(=O)N1,0.9537411,0.035773
Cc1ncsc1-c1ccc(CNC(=O)[C@@H]2C[C@@H](O)CN2C(=O)[C@@H](NC(=O)COCCOCCOCCNC(=O)c2cc3c(cc2CS(C)(=O)=O)-c2cn(C)c(=O)c4[nH]cc(c24)CN3c2ncc(F)cc2F)C(C)(C)C)c(OC2CCNCC2)c1,1.522171,0.004054
CN(CCOCCOCCOCC(=O)Nc1cccc2c1C(=O)N(C1CCC(=O)NC1=O)C2=O)CC[C@@H](c1ccccc1)n1cc(NC(=O)c2n[nH]c3c2CCC(C)(C)C3)cn1,1.442338,0.005841
Cc1ncsc1-c1ccc(CNC(=O)[C@@H]2C[C@@H](O)CN2C(=O)[C@@H](NC(=O)CCCC(=O)NCC(=O)N2CCN(c3ccc(Nc4nc(Nc5ccccc5S(=O)(=O)C(C)C)c5nc[nH]c5n4)cc3)CC2)C(C)(C)C)cc1,2.0340846,0.015506
COC(=O)C1=CC[C@@]23CC[C@H]([C@@](C)(/C=C/C=C(\C)C(=O)NC4CCN(c5cccc6c5C(=O)N(C5CCC(=O)NC5=O)C6=O)CC4)OC2=O)[C@@]3(OC(C)=O)CC1,1.9567944,0.184085
O=C(CCCCC(=O)NCCN1C(=O)c2cccc3c(Sc4ccc(Br)cc4)ccc(c23)C1=O)NCCCCCCNc1cccc2c1C(=O)N(C1CCC(=O)NC1=O)C2=O,2.5484965,0.01528
COC(=O)C1=CC[C@@]23CC[C@H]([C@@](C)(/C=C/C=C(\C)C(=O)OCOc4cccc5c4C(=O)N(C4CCC(=O)NC4=O)C5=O)OC2=O)[C@@]3(OC(C)=O)CC1,2.4973996,0.083424
CC(C)(C)[C@H](NC(=O)c1cc2cc(C(F)(F)P(=O)(O)O)ccc2s1)C(=O)N1CCC[C@H]1C(=O)N(CCC(=O)NCCCCCCC#Cc1cccc2c1CN(C1CCC(=O)NC1=O)C2=O)c1ccc(Br)cc1,2.3798492,0.002049
CC(C)S(=O)(=O)c1ccccc1Nc1nc(Nc2ccc(N3CCN(C(=O)COCCOCC(=O)Nc4cccc5c4C(=O)N(C4CCC(=O)NC4=O)C5=O)CC3)cc2)nc2[nH]cnc12,2.201505,0.028494
Cc1ncsc1-c1ccc([C@H](C)NC(=O)[C@@H]2C[C@@H](O)CN2C(=O)[C@@H](NC(=O)CCc2cn(CCCCCCCn3c(=O)c(-c4ccc(Cl)cc4Cl)cc4cnc(NC5CC5)nc43)nn2)C(C)(C)C)cc1,2.0359628,0.012693
CC(C)C[C@H](NC(=O)[C@H](Cc1ccccc1)NC(=O)c1ccc(C(=O)NCCCCCCNC(=O)COc2cccc3c2C(=O)N(C2CCC(=O)NC2=O)C3=O)cc1)B1OC2C[C@@H]3C[C@@H](C3(C)C)[C@]2(C)O1,2.9377115,0.006696
