target_gene,domain,activity_type,n_measurements,n_ligands,median_nM,min_nM,max_nM,n_sources
BRD2,BD1,IC50,3,3,3.5,3.1,218.0,2
BRD2,BD1,Kd,9,8,97.0,19.0,743.0,8
BRD2,BD1,Ki,6,6,9.15,0.9,1162.0,5
BRD2,BD2,IC50,11,11,167.3,0.2,800.2,3
BRD2,BD2,Kd,5,4,11.0,4.7,228.0,5
BRD2,BD2,Ki,6,6,5.0,0.27,57.3,5
BRD2,unspecified,IC50,1,1,39.8,39.8,39.8,1
BRD2,unspecified,Kd,1,1,25.0,25.0,25.0,1
BRD3,BD1,IC50,3,3,16.4,6.6,294.0,2
BRD3,BD1,Kd,6,5,30.0,8.3,119.0,6
BRD3,BD1,Ki,6,6,6.6,0.18,3140.0,5
BRD3,BD2,IC50,3,3,35.1,1.9,189.0,2
BRD3,BD2,Kd,6,5,12.0,7.6,115.0,6
BRD3,BD2,Ki,6,6,5.25,0.21,42.4,5
BRD3,unspecified,IC50,1,1,79.4,79.4,79.4,1
BRD3,unspecified,Kd,1,1,20.0,20.0,20.0,1
BRD4,BD1,IC50,59,59,54.31,1.1,484.0,9
BRD4,BD1,Kd,10,9,47.5,7.0,382.0,8
BRD4,BD1,Ki,5,5,2.3,0.5,152.0,4
BRD4,BD2,IC50,44,44,31.47,1.4,8159.0,7
BRD4,BD2,Kd,16,14,26.5,3.0,180.0,10
BRD4,BD2,Ki,5,5,6.0,1.0,205.0,4
BRD4,unspecified,IC50,21,21,284.0,22.0,1710.0,5
BRD4,unspecified,Kd,2,1,13.7,4.4,23.0,1
BRD4,unspecified,Ki,2,2,28.75,1.5,56.0,2
BRDT,BD1,IC50,81,65,978.0,3.0,50119.0,33
BRDT,BD1,Kd,31,25,183.0,2.0,5011.87,17
BRDT,BD1,Ki,17,17,3800.0,11.0,12000.0,2
BRDT,BD1_BD2,IC50,15,8,6309.57,25.12,50118.72,5
BRDT,BD1_BD2,Ki,4,4,125.0,2.2,490.0,2
BRDT,BD2,IC50,51,39,224.0,1.55,50118.72,25
BRDT,BD2,Kd,30,26,235.0,5.012,31622.78,17
BRDT,BD2,Ki,1,1,1.0,1.0,1.0,1
