case_id,question,reviewer_1_acceptable_answer,reviewer_2_acceptable_answer,reviewer_1_answerability,reviewer_2_answerability,proposed_answer_from_frozen_gt,adjudicator_decision,adjudicator_answerability,adjudicator_acceptable_answer,adjudicator_mandatory_answer_elements,adjudicator_acceptable_alternatives,adjudicator_name,adjudication_notes
DESIGN-01,Design 5 linkers bridging the supplied warhead and VHL ligand at a defined exit vector.,,,,,"Rubric + exact checks: 5 candidates, each RDKit-parseable PROTAC SMILES containing warhead+VHL motifs; none reuses the six-BRD4 measured potency.",,,,,,,
DESIGN-02,Construct and validate a full PROTAC SMILES from the supplied components.,,,,,At least one RDKit-valid full SMILES containing both components; report MW/logP/TPSA from the validator.,,,,,,,
DESIGN-03,Propose 2 scaffolds replacing the supplied warhead while keeping the dimethylisoxazole acetyl-lysine mimic.,,,,,Two distinct core scaffolds each containing a dimethylisoxazole-type mimic; rationale for preserved contacts; no measured potency claims.,,,,,,,
DESIGN-04,Design a panel exploring E3-ligand variation for the supplied target context.,,,,,Panel covering both E3s with >=2 ligand variants each; identity of E3 per arm explicit.,,,,,,,
DESIGN-05,"Design 3 candidates satisfying supplied property constraints (MW<=700, logP<=6, TPSA<=160, HBD<=4).",,,,,3 candidates each passing ALL constraints as computed by the permitted RDKit validator.,,,,,,,
DESIGN-06,Design a series of 3 PROTACs varying ONLY at the solvent-exposed vector of the warhead.,,,,,3 molecules sharing identical binding pharmacophore; variation confined to the vector region.,,,,,,,
DESIGN-07,Design a dilution series plus controls to expose a suspected hook effect.,,,,,"Rubric: broad log dilution range, no-treatment + vehicle + positive controls, replicates; states endpoint and analysis.",,,,,,,
DESIGN-08,Design a library biased toward ternary-feasible linkers for BRD4-VHL.,,,,,Library with linker length/rigidity ranges consistent with 5T35 span; feasibility rationale per linker class.,,,,,,,
DESIGN-09,Design 3 candidates passing a Tanimoto novelty cutoff vs the supplied reference set.,,,,,3 valid candidates each with Tanimoto <0.6 to the reference (computed via permitted fingerprint tool).,,,,,,,
DESIGN-10,Design a BET-family selective series given BRD4 vs BRD2 as off-target context.,,,,,Series with rationale addressing BRD4 vs BRD2 selectivity; explicitly flags that selectivity claims need assay data.,,,,,,,
DESIGN-11,Design molecules whose predicted Dmax band is high under the supplied degradation model.,,,,,Candidates with reported predicted Dmax band from the model; separates predicted from measured.,,,,,,,
DESIGN-12,Design a negative-control PROTAC sharing the scaffold but with an inactive warhead.,,,,,"One control: same linker+E3 ligand, warhead pharmacophore ablated (e.g., remove dimethylisoxazole methyls or block pocket contact); explicit ablation rationale.",,,,,,,
DISCOVER-01,Rank the supplied 6 blinded candidates using the supplied numeric feature table and a locked rule.,,,,,Deterministic ranking produced by applying the locked rule to the supplied table; ranking recorded before outcome access.,,,,,,,
DISCOVER-02,Triage supplied candidates by stated uncertainty before committing experiments.,,,,,Rubric: candidates with high uncertainty routed to confirmatory assays first; confidence never invented beyond supplied values.,,,,,,,
DISCOVER-03,"Recommend assays and controls to test the top hypothesis, with cost estimate.",,,,,"Rubric: concrete assay list with controls (vehicle, no-treatment, positive control) and cost band; no fabricated results.",,,,,,,
DISCOVER-04,"Select a 2-candidate portfolio balancing predicted degradation, ADMET, novelty from supplied metrics.",,,,,Portfolio on Pareto front of supplied metrics; ties resolved by locked rule (prefer admet_pass).,,,,,,,
DISCOVER-05,Plan dose-response experiments to estimate hook-effect parameters for the top candidate.,,,,,"Rubric: log-dilution grid, replicates, controls, parameter-fit plan (hill + hook term); no fabricated constants.",,,,,,,
DISCOVER-06,Recommend a cell line plus rationale for the supplied target/E3 context.,,,,,Rubric: rationale based on expression + assay tractability; explicitly flags that per-line expression should be verified.,,,,,,,
DISCOVER-07,Design an experiment that would falsify the supplied mechanistic claim.,,,,,Rubric: CRBN-knockout/competition (pomalidomide rescue) + vehicle/control design that yields a clear falsification criterion.,,,,,,,
DISCOVER-08,Prioritise 3 candidates under a fixed experiment budget from supplied per-candidate assay costs.,,,,,"Priority set by locked rule (max value within budget, greedy by value/cost); no hidden data.",,,,,,,
DISCOVER-09,State replication and controls for a supplied wet-lab result claim.,,,,,"Rubric: biological replicates, independent repeats, orthogonal readout, controls; identifies what would confirm/refute.",,,,,,,
DISCOVER-10,Report what evidence is missing before a design decision is safe.,,,,,"Rubric: lists missing evidence (measured degradation, ternary, permeability, viability) and ranks their importance.",,,,,,,
DISCOVER-11,Lock ranking protocol and criteria before outcome access for a supplied blinded set.,,,,,"A pre-registration record: rule string, criteria, seed, sign-off; ranking is locked, not run.",,,,,,,
DISCOVER-12,Resolve two supplied model disagreements with a decision rule plus a test.,,,,,"Rubric: states tie-break rule based on applicability/confidence fields (only supplied), and an experiment that discriminates.",,,,,,,
KNOW-01,Which UniProt ID and bromodomain architecture correspond to the supplied gene name BRD4?,,,,,"UniProt O60885; bromodomain-containing protein 4; two bromodomains (BD1, BD2) + extraterminal (ET) domain",,,,,,,
KNOW-02,List the top experimentally validated BRD4 bromodomain binders for the supplied warhead context with source identifiers.,,,,,"At least two canonical BET inhibitors from {JQ1, I-BET762 (GSK525762), OTX015} each with a resolvable DB identifier/citation; no fabricated affinity values.",,,,,,,
KNOW-03,Mark each supplied statement supported / contradicted / unverifiable using permitted sources only.,,,,,"s1 supported; s2 supported; s3 supported; s4 contradicted (JQ1 is an inhibitor, not a degrader)",,,,,,,
KNOW-04,"Identify documented BRD4 degraders and the E3 ligase each recruits, using permitted databases.",,,,,"At least {dBET1, dBET6, ARV-825 (CRBN); MZ1, AT1 (VHL)} with correct E3 assignments and citations.",,,,,,,
KNOW-05,Summarize which E3 ligases recur among documented BRD4 degraders and which ligands are used.,,,,,"CRBN (pomalidomide/lenalidomide-type ligands: dBET1/dBET6/ARV-825) and VHL (VH032-type: MZ1, AT1) both recur.",,,,,,,
KNOW-06,Which dimethylisoxazole-family warheads are documented BET bromodomain ligands for the supplied pocket context?,,,,,"JQ1, I-BET762, OTX015, I-BET151 are documented dimethylisoxazole-family BET ligands (BD-selective differences may be noted).",,,,,,,
KNOW-07,Find structural evidence of a BRD4-VHL ternary complex and report the PDB identifier.,,,,,PDB 5T35 (BRD4 BD2-MZ1-VHL ternary complex).,,,,,,,
KNOW-08,"For the supplied CSV rows, report which fields carry a source citation and which are unverified.",,,,,Field-level audit: rows with source=verified carry retrievable citation; rows with empty source are reported unverified (never silently assumed correct).,,,,,,,
KNOW-09,"Map the supplied SMILES to its canonical SMILES, InChIKey, and molecular formula/MW.",,,,,Canonical SMILES CC(=O)Nc1ccc(O)cc1; InChIKey RZVAJINKPMORJF-UHFFFAOYSA-N; MW 151.16 Da (formula C8H9NO2).,,,,,,,
KNOW-10,Which of the supplied cell lines express the supplied target-E3 pair according to permitted sources?,,,,,"BRD4 and CRBN are broadly expressed; report per-line abundance evidence if a permitted source provides it, otherwise state 'no per-line quantitative evidence found' rather than guessing.",,,,,,,
KNOW-11,"Return the DOI(s) that support the supplied mechanistic claim, or state explicitly that none exist.",,,,,"DOI 10.1126/science.aab1433 (Winter et al., Science 2015).",,,,,,,
KNOW-12,Compare the supplied binder list against permitted databases and report missing members.,,,,,"Report any additional canonical BRD4 BET ligands found (e.g., IBET762) as missing; never assert absence without a per-source statement.",,,,,,,
REASON-01,Explain why the supplied dose-response shows a hook effect and identify contributing equilibria.,,,,,Rubric: names ternary vs binary competition; distinguishes ligand depletion / binary complex formation as drivers; separates prediction from measurement.,,,,,,,
REASON-02,Reason whether alpha>1 is plausible for the supplied pair given geometry and literature.,,,,,Rubric: uses known cooperative ternary evidence (5T35) without asserting alpha>1 from memory; states needed measured alpha and how to obtain it.,,,,,,,
REASON-03,Assess whether the supplied VHL ligand retains critical VH032 pharmacophore motifs.,,,,,Rubric: tert-leucine cap present; 4-hydroxyproline present; C-terminal arm changed (benzylamine vs chiral (S)-1-phenylethylamine); chiral methyl lost -> loss of documented hydrophobic contact; classify as modified/liability.,,,,,,,
REASON-04,Reason how a piperidine-containing linker affects ternary formation versus a flexible PEG3 linker.,,,,,Rubric: pre-organization vs over-constraint trade-off; no potency claim without measurement; identifies testable readouts (ternary formation assay).,,,,,,,
REASON-05,Explain mechanistic liabilities of replacing the amide junction with a protonatable secondary amine.,,,,,Rubric: loss of amide directionality; basic amine protonated at pH 7.4 -> permeability/charge liability; does not state potency numbers.,,,,,,,
REASON-06,Reason from VHL ligand engagement to ubiquitination geometry for the supplied E3.,,,,,Rubric: ligand->VHL->ternary->ubiquitination geometry chain; notes structural uncertainty; no fabrication.,,,,,,,
REASON-07,Reason which of the supplied compounds likely degrades versus inhibits given structure and mechanism of action.,,,,,Rubric: A inhibits (no E3 ligand); B recruits VHL and targets BRD4 for degradation; distinguishes claimed mechanism from potency.,,,,,,,
REASON-08,Reason which supplied attachment points preserve warhead binding in the posed complex.,,,,,Rubric: attachment must point into solvent from the acetyl-lysine binding face; uses 5T35-derived reasoning; no unsupported vectors.,,,,,,,
REASON-09,Assess which BRD4 lysines are plausibly ubiquitination-accessible in a ternary complex.,,,,,Rubric: reason from structure about solvent-exposed lysines on the BRD4 surface; mark as hypothesis needing experimental ubiquitination assay; never assert measured ubiquitination sites.,,,,,,,
REASON-10,Reason how replacing the alkyl linker core with PEG changes permeability/solubility trade-offs.,,,,,Rubric: hydrophobicity/logP/TPSA reasoning with no numeric potency claims; identifies measurable ADMET endpoints.,,,,,,,
REASON-11,"For a supplied prediction with reported model confidence, state what evidence would change the confidence.",,,,,Rubric: identifies concrete experiments/data that would raise/lower confidence; does not invent confidence values.,,,,,,,
REASON-12,Reason whether intramolecular H-bonding could shield polar surface of the supplied PEG linker.,,,,,Rubric: plausible shielding hypothesis; states it is a hypothesis and how NMR/permeability experiments would test it.,,,,,,,
