object,store,rationale,key_fields
Project,PostgreSQL,"relational, shared","id,name,owner,created"
Investigation,PostgreSQL,"relational, queryable","id,project_id,target,disease,cutoff"
Task/BenchmarkTask,PostgreSQL,relational + versioned,"id,domain,difficulty,partition,cutoff"
AgentRun/ToolRun,PostgreSQL + object storage,query + artifact blobs,"run_id,tool,version,status,runtime"
EvidenceItem,PostgreSQL + vector DB,structured + semantic search,"id,type,entity,date,strength,source"
Citation,PostgreSQL,"relational, dedupe by DOI","doi,pmid,accession,date"
Molecule/Protein/Structure,PostgreSQL + object storage,metadata + coordinate files,"id,smiles/seq,path,hash"
Prediction,PostgreSQL,"queryable, per-model","id,model,version,value,AD,evidence_tier"
TherapeuticStrategy,PostgreSQL (JSONB),typed doc,"id,strategy,confidence,provenance"
ExperimentPlan,PostgreSQL (JSONB),typed doc,"id,assays,controls,go_no_go"
EvidenceGraph,Graph DB (only if needed),contradiction-preserving traversal,"nodes,edges,tier,contradicts"
TemporalSnapshot,object storage (immutable),freeze at T0,"id,T0,corpus_hash,index_hash"
Manifest (Run/Tool/GT),object storage + PostgreSQL,audit + replay,"hash,versions,seed"
