arm,gold_class,n,correct,accuracy,wilson_lo,wilson_hi
direct_tool,MACHINE_VERIFIED_EXTERNAL,7,2,0.2857,0.0822,0.6411
direct_tool,RULE_BASED_RUBRIC,32,3,0.0938,0.0324,0.2422
direct_tool,PENDING_HUMAN,9,0,0.0,0.0,0.2992
fixed_workflow,MACHINE_VERIFIED_EXTERNAL,7,2,0.2857,0.0822,0.6411
fixed_workflow,RULE_BASED_RUBRIC,32,7,0.2188,0.1102,0.3876
fixed_workflow,PENDING_HUMAN,9,0,0.0,0.0,0.2992
llm_only,MACHINE_VERIFIED_EXTERNAL,7,1,0.1429,0.0257,0.5131
llm_only,RULE_BASED_RUBRIC,5,2,0.4,0.1176,0.7693
llm_only,PENDING_HUMAN,0,0,,,
protacxtend,MACHINE_VERIFIED_EXTERNAL,7,3,0.4286,0.1582,0.7495
protacxtend,RULE_BASED_RUBRIC,32,1,0.0312,0.0055,0.1574
protacxtend,PENDING_HUMAN,9,0,0.0,0.0,0.2992
retrieval_only,MACHINE_VERIFIED_EXTERNAL,7,0,0.0,0.0,0.3543
retrieval_only,RULE_BASED_RUBRIC,32,0,0.0,0.0,0.1072
retrieval_only,PENDING_HUMAN,9,0,0.0,0.0,0.2992
tool_only,MACHINE_VERIFIED_EXTERNAL,7,0,0.0,0.0,0.3543
tool_only,RULE_BASED_RUBRIC,32,0,0.0,0.0,0.1072
tool_only,PENDING_HUMAN,9,0,0.0,0.0,0.2992
