repo_name,environment_name_or_path,environment_kind,resolved_environment_path,python_executable,python_version,install_log_path,install_log_found,install_appears_successful,missing_dependencies,rdkit_import_status,pytorch_import_status,openbabel_import_status,openbabel_obabel_availability,external_binary_availability,safe_wrapper_integration_possible,recommended_wrapper_type,notes
TERNIFY,.venvs/protac-ternify,venv,.venvs/protac-ternify,.venvs/protac-ternify/bin/python,Python 3.10.20,data/protac_repos/install_logs/ternify_install.log,True,True,none reported by pip check,ok: 2026.03.2,"missing/error: Traceback (most recent call last): File ""<string>"", line 1, in <module> ModuleNotFoundError: No module named 'torch'",missing/error: ModuleNotFoundError: No module named 'openbabel',available,"found: obabel=/usr/local/bin/obabel, babel=/usr/local/bin/babel, vina=/usr/bin/vina",True,python_function_adapter,log exists; success-like wording found near tail; repository code not imported or executed; yes; only after later repo-specific smoke import/API review
PROTAC-Splitter,.venvs/protac-splitter,venv,.venvs/protac-splitter,.venvs/protac-splitter/bin/python,Python 3.13.5,data/protac_repos/install_logs/protac_splitter_editable.log,True,True,none reported by pip check,"missing/error: Traceback (most recent call last): File ""<string>"", line 1, in <module> import rdkit ModuleNotFoundError: No module named 'rdkit'","missing/error: Traceback (most recent call last): File ""<string>"", line 1, in <module> import torch ModuleNotFoundError: No module named 'torch'",missing/error: ModuleNotFoundError: No module named 'openbabel',available,"found: obabel=/usr/local/bin/obabel, babel=/usr/local/bin/babel, vina=/usr/bin/vina",True,python_package_adapter_after_import_smoke_test,log exists; warning/error wording found near tail; repository code not imported or executed; yes; only after later repo-specific smoke import/API review
Bellerophon,.venvs/protac-bellerophon,venv,.venvs/protac-bellerophon,.venvs/protac-bellerophon/bin/python,Python 3.10.20,data/protac_repos/install_logs/bellerophon_install.log,True,True,none reported by pip check,ok: 2024.09.2,"missing/error: Traceback (most recent call last): File ""<string>"", line 1, in <module> ModuleNotFoundError: No module named 'torch'",missing/error: ModuleNotFoundError: No module named 'openbabel',available,"found: obabel=/usr/local/bin/obabel, babel=/usr/local/bin/babel, vina=/usr/bin/vina",True,python_script_adapter_after_manual_review,log exists; no clear success/failure marker in tail; repository code not imported or executed; yes; only after later repo-specific smoke import/API review
degradomap,.venvs/protac-degradomap,venv,.venvs/protac-degradomap,.venvs/protac-degradomap/bin/python,Python 3.10.20,data/protac_repos/install_logs/degradomap_editable.log,True,True,none reported by pip check,"missing/error: Traceback (most recent call last): File ""<string>"", line 1, in <module> ModuleNotFoundError: No module named 'rdkit'","missing/error: Traceback (most recent call last): File ""<string>"", line 1, in <module> ModuleNotFoundError: No module named 'torch'",missing/error: ModuleNotFoundError: No module named 'openbabel',available,"found: obabel=/usr/local/bin/obabel, babel=/usr/local/bin/babel, vina=/usr/bin/vina",True,metadata_or_pipeline_adapter_after_manual_review,log exists; success-like wording found near tail; repository code not imported or executed; yes; only after later repo-specific smoke import/API review
PROTACFold,.venvs/protac-protacfold,venv,.venvs/protac-protacfold,.venvs/protac-protacfold/bin/python,Python 3.10.20,data/protac_repos/install_logs/protacfold_install.log,True,True,none reported by pip check,ok: 2026.03.2,"missing/error: Traceback (most recent call last): File ""<string>"", line 1, in <module> ModuleNotFoundError: No module named 'torch'",missing/error: ModuleNotFoundError: No module named 'openbabel',available,"found: obabel=/usr/local/bin/obabel, babel=/usr/local/bin/babel, vina=/usr/bin/vina",False,manual_wrapper_only_due_alphafold_review,log exists; no clear success/failure marker in tail; repository code not imported or executed; not yet; requires manual review of heavy docking/AlphaFold/MEGADOCK style dependencies
PROTAC-RL,protac-rl,conda,/home/saveenas/miniconda3/envs/pp/envs/protac-rl,/home/saveenas/miniconda3/envs/pp/envs/protac-rl/bin/python,"Python 3.6.10 :: Anaconda, Inc.",data/protac_repos/install_logs/protac_rl_conda.log,True,False,"WARNING: The directory '/home/saveenas/.cache/pip' or its parent directory is not owned or is not writable by the current user. The cache has been disabled. Check the permissions and owner of that directory. If executing pip with sudo, you may want sudo's -H flag. spyder 3.3.2 requires pyqt5, which is not installed. conda 4.8.3 requires ruamel-yaml, which is not installed. anaconda-project 0.8.2 requires ruamel-yaml, which is not installed. pylint 2.7.2 has requirement astroid<2.6,>=2.5.1, but you have astroid 2.5.",ok: 2019.09.2,"missing/error: Traceback (most recent call last): File ""<string>"", line 1, in <module> ModuleNotFoundError: No module named 'torch'",missing/error: ModuleNotFoundError: No module named 'openbabel',available,"found: obabel=/usr/local/bin/obabel, babel=/usr/local/bin/babel, vina=/usr/bin/vina",False,model_utility_adapter_after_import_smoke_test,log exists; warning/error wording found near tail; repository code not imported or executed; no; resolve environment or missing dependency issues first
PROTAC-Degradation-Predictor,protac-degradation-predictor,conda,/home/saveenas/miniconda3/envs/pp/envs/protac-degradation-predictor,/home/saveenas/miniconda3/envs/pp/envs/protac-degradation-predictor/bin/python,Python 3.10.8,data/protac_repos/install_logs/protac_degradation_predictor_conda.log,True,True,"none reported by pip check (strict pins in requirements.txt not matched: torch 2.7.1 vs 2.0.1, sklearn 1.3.2 vs 1.2.0, xgboost 3.0.2 vs 1.5.1; published example verified on env versions)",ok: 2023.09.5,ok: 2.0.1,missing/error: ModuleNotFoundError: No module named 'openbabel',available,"found: obabel=/usr/local/bin/obabel, babel=/usr/local/bin/babel, vina=/usr/bin/vina",True,safe_import_and_inference_smoke,"2026-09-01 gate repair: gdown installed; pip install -e . --no-deps; LOCAL PATCH protac_degradation_predictor.py (model.to(device) after load_models, fixes cuda/cpu mismatch); import ok; README example reproduced (is_protac_active=True, mean p=0.599, 3 models); batch ok. Strict version pins deviated (see missing_dependencies)."
MEGA-PROTAC,protac-mega-protac,conda,/home/saveenas/miniconda3/envs/pp/envs/protac-mega-protac,/home/saveenas/miniconda3/envs/pp/envs/protac-mega-protac/bin/python,Python 3.10.12,data/protac_repos/install_logs/mega_protac_conda.log,True,False,"WARNING: The directory '/home/saveenas/.cache/pip' or its parent directory is not owned or is not writable by the current user. The cache has been disabled. Check the permissions and owner of that directory. If executing pip with sudo, you should use sudo's -H flag. pymol 3.1.0 has requirement numpy<2,>=1.26.4, but you have numpy 2.2.6.","missing/error: Traceback (most recent call last): File ""<string>"", line 1, in <module> ModuleNotFoundError: No module named 'rdkit'","missing/error: Traceback (most recent call last): File ""<string>"", line 1, in <module> ModuleNotFoundError: No module named 'torch'",ok: openbabel package,available,"found: obabel=/home/saveenas/miniconda3/envs/pp/envs/protac-mega-protac/bin/obabel, babel=/usr/local/bin/babel, vina=/usr/bin/vina",False,manual_wrapper_only_due_megadock_review,log exists; warning/error wording found near tail; repository code not imported or executed; no; resolve environment or missing dependency issues first
SE3-protacs,protac-se3-protacs,conda,/home/saveenas/miniconda3/envs/pp/envs/protac-se3-protacs,/home/saveenas/miniconda3/envs/pp/envs/protac-se3-protacs/bin/python,Python 3.10.18,data/protac_repos/install_logs/se3_protacs_conda.log,True,True,none reported by pip check,"missing/error: Traceback (most recent call last): File ""<string>"", line 1, in <module> ModuleNotFoundError: No module named 'rdkit'",ok: 2.5.1,ok: openbabel package,available,"found: obabel=/home/saveenas/miniconda3/envs/pp/envs/protac-se3-protacs/bin/obabel, babel=/usr/local/bin/babel, vina=/usr/bin/vina",False,manual_wrapper_only_due_docking_review,log exists; success-like wording found near tail; repository code not imported or executed; not yet; requires manual review of heavy docking/AlphaFold/MEGADOCK style dependencies
