repo_name,github_url,local_path,found_locally,dependency_files_detected,readme_detected,license_detected,python_requirement,torch_requirement,tensorflow_requirement,cuda_or_gpu_required,rdkit_required,openbabel_required,vina_or_gnina_required,megadock_required,alphafold_required,rosetta_required,ccdc_or_csd_required,external_binaries_detected,notebooks_detected,training_keywords_detected,docking_keywords_detected,data_or_checkpoint_folders_detected,likely_repo_role,safety_risk_level,install_decision,recommended_env_strategy,recommended_safe_command,notes
PROTAC-RL,https://github.com/biomed-AI/PROTAC-RL,data/protac_repos/repos/PROTAC-RL,True,environment.yml,True,True,3.6.10; 3.6,True,False,False,True,False,False,False,False,False,False,none,False,True,False,"data, model, onmt/models",model or prediction utility; molecular processing utility; dataset/benchmark/reference; checkpoint/model-assets repository,medium,install_now_isolated,conda/mamba,mamba env create -n protac-rl -f data/protac_repos/repos/PROTAC-RL/environment.yml,scripts found: 98; README detected; pretrained checkpoint/model weight wording detected
PROTACFold,https://github.com/NilsDunlop/PROTACFold,data/protac_repos/repos/PROTACFold,True,requirements.txt,True,True,3.8; 3.11,False,False,True,True,False,False,False,True,False,False,alphafold,False,True,True,data,ternary-complex/docking workflow; model or prediction utility; molecular processing utility; dataset/benchmark/reference,high,docker_only_manual_review,venv/pip; docker-manual-review,python -m venv .venvs/protac-protacfold && source .venvs/protac-protacfold/bin/activate && python -m pip install --upgrade pip && pip install -r data/protac_repos/repos/PROTACFold/requirements.txt,scripts found: 23; README detected; Phase 2 marked manual review required; README or metadata mentions Docker; large dataset wording detected
MEGA-PROTAC,https://github.com/yauz3/MEGA-PROTAC,data/protac_repos/repos/MEGA-PROTAC,True,"requirements.txt, environment.yml",True,False,3.10.12; 3.10,False,False,True,False,True,False,True,False,False,False,"megadock, openbabel",False,False,True,"Publication_Data_Final, Publication_Data_Final/Publication_Data, Publication_Data_Final/Publication_Data/Input_data, Publication_Data_Final/Publication_Data/Prerefinement_Publication_data, Publication_Data_Final/Publication_Data/Refinement_Publication_data",ternary-complex/docking workflow; model or prediction utility; dataset/benchmark/reference,high,install_later_manual_review,conda/mamba; venv/pip,mamba env create -n protac-mega-protac -f data/protac_repos/repos/MEGA-PROTAC/environment.yml,scripts found: 28; README detected; license file not detected at repository root; Phase 2 marked manual review required
SE3-protacs,https://github.com/drugparadigm/SE3-protacs,data/protac_repos/repos/SE3-protacs,True,environment.yml,True,False,3.10.18; 3.10,True,False,True,False,True,False,False,False,False,False,openbabel,False,True,False,"data, model",model or prediction utility; molecular processing utility; dataset/benchmark/reference; checkpoint/model-assets repository,high,install_later_manual_review,conda/mamba,mamba env create -n protac-se3-protacs -f data/protac_repos/repos/SE3-protacs/environment.yml,scripts found: 8; README detected; license file not detected at repository root; Phase 2 marked manual review required
PROTAC-Degradation-Predictor,https://github.com/ribesstefano/PROTAC-Degradation-Predictor,data/protac_repos/repos/PROTAC-Degradation-Predictor,True,"requirements.txt, environment.yml, setup.py",True,True,3.12.4; 3.10.8; 3.1.42; 3.12; 3.10,True,False,True,True,False,False,False,False,False,False,none,True,True,False,none,model or prediction utility; molecular processing utility; dataset/benchmark/reference; notebook-oriented workflow,medium,docker_only_manual_review,conda/mamba; venv/pip; editable-venv; docker-manual-review,mamba env create -n protac-degradation-predictor -f data/protac_repos/repos/PROTAC-Degradation-Predictor/environment.yml,notebooks found: 11; scripts found: 23; README detected; README or metadata mentions Docker
TERNIFY,https://github.com/WIMNZhao/TERNIFY,data/protac_repos/repos/TERNIFY,True,requirements.txt,True,True,not detected,False,False,False,True,False,False,False,False,False,False,none,False,False,False,data,ternary-complex/docking workflow; molecular processing utility; dataset/benchmark/reference,low,install_now_isolated,venv/pip,python -m venv .venvs/protac-ternify && source .venvs/protac-ternify/bin/activate && python -m pip install --upgrade pip && pip install -r data/protac_repos/repos/TERNIFY/requirements.txt,scripts found: 11; README detected
PROTAC-Splitter,https://github.com/ribesstefano/PROTAC-Splitter,data/protac_repos/repos/PROTAC-Splitter,True,"requirements.txt, setup.py",True,False,3.10.8; 3.10,True,False,False,True,False,False,False,False,False,False,none,True,True,False,protac_splitter/data,model or prediction utility; molecular processing utility; dataset/benchmark/reference; notebook-oriented workflow,medium,install_now_isolated,venv/pip; editable-venv,python -m venv .venvs/protac-splitter && source .venvs/protac-splitter/bin/activate && python -m pip install --upgrade pip && pip install -r data/protac_repos/repos/PROTAC-Splitter/requirements.txt,notebooks found: 6; scripts found: 55; README detected; license file not detected at repository root; large dataset wording detected; pretrained checkpoint/model weight wording detected
Bellerophon,https://github.com/giulia-apprato/Bellerophon,data/protac_repos/repos/Bellerophon,True,requirements.txt,True,True,not detected,False,False,False,True,False,False,False,False,False,False,none,False,False,False,none,molecular processing utility; dataset/benchmark/reference,low,install_later_manual_review,venv/pip,python -m venv .venvs/protac-bellerophon && source .venvs/protac-bellerophon/bin/activate && python -m pip install --upgrade pip && pip install -r data/protac_repos/repos/Bellerophon/requirements.txt,scripts found: 2; README detected; deferred because Phase 3 limits install_now_isolated to 3 safest repositories
degradomap,https://github.com/crisprking/degradomap,data/protac_repos/repos/degradomap,True,pyproject.toml,True,True,3.10,False,False,False,False,False,False,False,True,False,False,alphafold,True,False,False,data,ternary-complex/docking workflow; model or prediction utility; dataset/benchmark/reference; notebook-oriented workflow,high,install_later_manual_review,editable-venv,python -m venv .venvs/protac-degradomap && source .venvs/protac-degradomap/bin/activate && python -m pip install --upgrade pip && pip install -e data/protac_repos/repos/degradomap,notebooks found: 1; scripts found: 11; README detected; Phase 2 marked manual review required
